Complete name;Comment;Institute;Year;Sample Id;Replicate Id;Sample type;Sample name;Project no;Project id;Secondary project id;Sample tags;Responsible AC;Date of isolation;Country;Taxid number;Isolation source;Upload to ENA;DNA purification method;PCR free library;Platform;Sequencing center;Longitude;Latitude;Collected by;State;City;Plant;DNA conc;Run no.
DTU_2020_1007150_1_MG_RA_CPH_Sewage_494;Data delivered under Admera ID 17137D-12-01_S16;DTU;2020;1007150;1;MG;RA_CPH_Sewage_494;1066;1066;;Rensningsanlaeg Avedoere, CPH sewage, Copenhagen sewage, Copenhagen, sewage;saot;2019.01.30;DNK Denmark;527639 (sewage metagenome);sewage;Yes with 2 years delay;QIAamp Fast DNA Stool Mini Kit;Yes;"ILLUMINA	Illumina NovaSeq 6000";Admera Health;55,6084966;12,45053294;Technical University of Denmark, National Food Institute;;Copenhagen;RA;5,49;Novaseq_002
DTU_2020_1007153_1_MG_RA_CPH_Sewage_504;Data delivered under Admera ID 17137D-12-04_S17;DTU;2020;1007153;1;MG;RA_CPH_Sewage_504;1066;1066;;Rensningsanlaeg Avedoere, CPH sewage, Copenhagen sewage, Copenhagen, sewage;saot;2019.02.18;DNK Denmark;527639 (sewage metagenome);sewage;Yes with 2 years delay;QIAamp Fast DNA Stool Mini Kit;Yes;"ILLUMINA	Illumina NovaSeq 6000";Admera Health;55,6084966;12,45053294;Technical University of Denmark, National Food Institute;;Copenhagen;RA;13,7;Novaseq_002
DTU_2020_1007154_1_MG_RD_CPH_Sewage_505;Data delivered under Admera ID 17137D-12-05_S130;DTU;2020;1007154;1;MG;RD_CPH_Sewage_505;1066;1066;;Rensningsanlaeg Damhusaaen, CPH sewage, Copenhagen sewage, Copenhagen, sewage;saot;2019.02.18;DNK Denmark;527639 (sewage metagenome);sewage;Yes with 2 years delay;QIAamp Fast DNA Stool Mini Kit;Yes;"ILLUMINA	Illumina NovaSeq 6000";Admera Health;55,64050138;12,50581599;Technical University of Denmark, National Food Institute;;Copenhagen;RD;16,6;Novaseq_002
DTU_2020_1007154_2_MG_RD_CPH_Sewage_505;Data delivered under Admera ID 17137D-12-05_S18;DTU;2020;1007154;2;MG;RD_CPH_Sewage_505;1066;1066;;Rensningsanlaeg Damhusaaen, CPH sewage, Copenhagen sewage, Copenhagen, sewage;saot;2019.02.18;DNK Denmark;527639 (sewage metagenome);sewage;Yes with 2 years delay;QIAamp Fast DNA Stool Mini Kit;Yes;"ILLUMINA	Illumina NovaSeq 6000";Admera Health;55,64050138;12,50581599;Technical University of Denmark, National Food Institute;;Copenhagen;RD;16,6;Novaseq_002
DTU_2020_1007157_1_MG_RD_CPH_Sewage_517;Data delivered under Admera ID 17137D-12-08_S1;DTU;2020;1007157;1;MG;RD_CPH_Sewage_517;1066;1066;;Rensningsanlaeg Damhusaaen, CPH sewage, Copenhagen sewage, Copenhagen, sewage;saot;2019.03.27;DNK Denmark;527639 (sewage metagenome);sewage;Yes with 2 years delay;QIAamp Fast DNA Stool Mini Kit;Yes;"ILLUMINA	Illumina NovaSeq 6000";Admera Health;55,64050138;12,50581599;Technical University of Denmark, National Food Institute;;Copenhagen;RD;1,36;Novaseq_002
DTU_2020_1007158_1_MG_RL_CPH_Sewage_518;Data delivered under Admera ID 17137D-12-09_S19;DTU;2020;1007158;1;MG;RL_CPH_Sewage_518;1066;1066;;Rensningsanlaeg Lynetten, CPH sewage, Copenhagen sewage, Copenhagen, sewage;saot;2019.03.27;DNK Denmark;527639 (sewage metagenome);sewage;Yes with 2 years delay;QIAamp Fast DNA Stool Mini Kit;Yes;"ILLUMINA	Illumina NovaSeq 6000";Admera Health;55,69557497;12,61393094;Technical University of Denmark, National Food Institute;;Copenhagen;RL;20,4;Novaseq_002
DTU_2020_1007160_1_MG_RD_CPH_Sewage_529;Data delivered under Admera ID 17137D-12-11_S2;DTU;2020;1007160;1;MG;RD_CPH_Sewage_529;1066;1066;;Rensningsanlaeg Damhusaaen, CPH sewage, Copenhagen sewage, Copenhagen, sewage;saot;2019.04.26;DNK Denmark;527639 (sewage metagenome);sewage;Yes with 2 years delay;QIAamp Fast DNA Stool Mini Kit;Yes;"ILLUMINA	Illumina NovaSeq 6000";Admera Health;55,64050138;12,50581599;Technical University of Denmark, National Food Institute;;Copenhagen;RD;2,2;Novaseq_002
DTU_2020_1007162_1_MG_RA_CPH_Sewage_536;Data delivered under Admera ID 17137D-12-13_S15;DTU;2020;1007162;1;MG;RA_CPH_Sewage_536;1066;1066;;Rensningsanlaeg Avedoere, CPH sewage, Copenhagen sewage, Copenhagen, sewage;saot;2019.05.27;DNK Denmark;527639 (sewage metagenome);sewage;Yes with 2 years delay;QIAamp Fast DNA Stool Mini Kit;Yes;"ILLUMINA	Illumina NovaSeq 6000";Admera Health;55,6084966;12,45053294;Technical University of Denmark, National Food Institute;;Copenhagen;RA;12;Novaseq_002
DTU_2020_1007165_1_MG_RA_CPH_Sewage_547;Data delivered under Admera ID 17137D-12-16_S20;DTU;2020;1007165;1;MG;RA_CPH_Sewage_547;1066;1066;;Rensningsanlaeg Avedoere, CPH sewage, Copenhagen sewage, Copenhagen, sewage;saot;2019.06.28;DNK Denmark;527639 (sewage metagenome);sewage;Yes with 2 years delay;QIAamp Fast DNA Stool Mini Kit;Yes;"ILLUMINA	Illumina NovaSeq 6000";Admera Health;55,6084966;12,45053294;Technical University of Denmark, National Food Institute;;Copenhagen;RA;23;Novaseq_002
DTU_2020_1007166_1_MG_RD_CPH_Sewage_548;Data delivered under Admera ID 17137D-12-17_S72;DTU;2020;1007166;1;MG;RD_CPH_Sewage_548;1066;1066;;Rensningsanlaeg Damhusaaen, CPH sewage, Copenhagen sewage, Copenhagen, sewage;saot;2019.06.28;DNK Denmark;527639 (sewage metagenome);sewage;Yes with 2 years delay;QIAamp Fast DNA Stool Mini Kit;Yes;"ILLUMINA	Illumina NovaSeq 6000";Admera Health;55,64050138;12,50581599;Technical University of Denmark, National Food Institute;;Copenhagen;RD;27,3;Novaseq_002
DTU_2020_1007167_1_MG_RA_CPH_Sewage_560;Data delivered under Admera ID 17137D-12-18_S3;DTU;2020;1007167;1;MG;RA_CPH_Sewage_560;1066;1066;;Rensningsanlaeg Avedoere, CPH sewage, Copenhagen sewage, Copenhagen, sewage;saot;2019.07.27;DNK Denmark;527639 (sewage metagenome);sewage;Yes with 2 years delay;QIAamp Fast DNA Stool Mini Kit;Yes;"ILLUMINA	Illumina NovaSeq 6000";Admera Health;55,6084966;12,45053294;Technical University of Denmark, National Food Institute;;Copenhagen;RA;1,27;Novaseq_002
DTU_2020_1007170_1_MG_RL_CPH_Sewage_571;Data delivered under Admera ID 17137D-12-21_S21;DTU;2020;1007170;1;MG;RL_CPH_Sewage_571;1066;1066;;Rensningsanlaeg Lynetten, CPH sewage, Copenhagen sewage, Copenhagen, sewage;saot;2019.08.29;DNK Denmark;527639 (sewage metagenome);sewage;Yes with 2 years delay;QIAamp Fast DNA Stool Mini Kit;Yes;"ILLUMINA	Illumina NovaSeq 6000";Admera Health;55,69557497;12,61393094;Technical University of Denmark, National Food Institute;;Copenhagen;RL;7,27;Novaseq_002
DTU_2020_1007173_1_MG_RL_CPH_Sewage_592;Data delivered under Admera ID 17137D-12-24_S64;DTU;2020;1007173;1;MG;RL_CPH_Sewage_592;1066;1066;;Rensningsanlaeg Lynetten, CPH sewage, Copenhagen sewage, Copenhagen, sewage;saot;2019.10.13;DNK Denmark;527639 (sewage metagenome);sewage;Yes with 2 years delay;QIAamp Fast DNA Stool Mini Kit;Yes;"ILLUMINA	Illumina NovaSeq 6000";Admera Health;55,69557497;12,61393094;Technical University of Denmark, National Food Institute;;Copenhagen;RL;49,4;Novaseq_002
DTU_2020_1007174_1_MG_RA_CPH_Sewage_593;Data delivered under Admera ID 17137D-12-25_S131;DTU;2020;1007174;1;MG;RA_CPH_Sewage_593;1066;1066;;Rensningsanlaeg Avedoere, CPH sewage, Copenhagen sewage, Copenhagen, sewage;saot;2019.10.13;DNK Denmark;527639 (sewage metagenome);sewage;Yes with 2 years delay;QIAamp Fast DNA Stool Mini Kit;Yes;"ILLUMINA	Illumina NovaSeq 6000";Admera Health;55,6084966;12,45053294;Technical University of Denmark, National Food Institute;;Copenhagen;RA;41,5;Novaseq_002
DTU_2020_1007174_2_MG_RA_CPH_Sewage_593;Data delivered under Admera ID 17137D-12-25_S69;DTU;2020;1007174;2;MG;RA_CPH_Sewage_593;1066;1066;;Rensningsanlaeg Avedoere, CPH sewage, Copenhagen sewage, Copenhagen, sewage;saot;2019.10.13;DNK Denmark;527639 (sewage metagenome);sewage;Yes with 2 years delay;QIAamp Fast DNA Stool Mini Kit;Yes;"ILLUMINA	Illumina NovaSeq 6000";Admera Health;55,6084966;12,45053294;Technical University of Denmark, National Food Institute;;Copenhagen;RA;41,5;Novaseq_002
DTU_2020_1007175_1_MG_RD_CPH_Sewage_594;Data delivered under Admera ID 17137D-12-26_S132;DTU;2020;1007175;1;MG;RD_CPH_Sewage_594;1066;1066;;Rensningsanlaeg Damhusaaen, CPH sewage, Copenhagen sewage, Copenhagen, sewage;saot;2019.10.13;DNK Denmark;527639 (sewage metagenome);sewage;Yes with 2 years delay;QIAamp Fast DNA Stool Mini Kit;Yes;"ILLUMINA	Illumina NovaSeq 6000";Admera Health;55,64050138;12,50581599;Technical University of Denmark, National Food Institute;;Copenhagen;RD;46,1;Novaseq_002
DTU_2020_1007175_2_MG_RD_CPH_Sewage_594;Data delivered under Admera ID 17137D-12-26_S22;DTU;2020;1007175;2;MG;RD_CPH_Sewage_594;1066;1066;;Rensningsanlaeg Damhusaaen, CPH sewage, Copenhagen sewage, Copenhagen, sewage;saot;2019.10.13;DNK Denmark;527639 (sewage metagenome);sewage;Yes with 2 years delay;QIAamp Fast DNA Stool Mini Kit;Yes;"ILLUMINA	Illumina NovaSeq 6000";Admera Health;55,64050138;12,50581599;Technical University of Denmark, National Food Institute;;Copenhagen;RD;46,1;Novaseq_002
DTU_2020_1007176_1_MG_RL_CPH_Sewage_597;Data delivered under Admera ID 17137D-12-27_S23;DTU;2020;1007176;1;MG;RL_CPH_Sewage_597;1066;1066;;Rensningsanlaeg Lynetten, CPH sewage, Copenhagen sewage, Copenhagen, sewage;saot;2019.11.02;DNK Denmark;527639 (sewage metagenome);sewage;Yes with 2 years delay;QIAamp Fast DNA Stool Mini Kit;Yes;"ILLUMINA	Illumina NovaSeq 6000";Admera Health;55,69557497;12,61393094;Technical University of Denmark, National Food Institute;;Copenhagen;RL;21,4;Novaseq_002
DTU_2020_1007176_2_MG_RL_CPH_Sewage_597;Data delivered under Admera ID 17137D-12-27_S94;DTU;2020;1007176;2;MG;RL_CPH_Sewage_597;1066;1066;;Rensningsanlaeg Lynetten, CPH sewage, Copenhagen sewage, Copenhagen, sewage;saot;2019.11.02;DNK Denmark;527639 (sewage metagenome);sewage;Yes with 2 years delay;QIAamp Fast DNA Stool Mini Kit;Yes;"ILLUMINA	Illumina NovaSeq 6000";Admera Health;55,69557497;12,61393094;Technical University of Denmark, National Food Institute;;Copenhagen;RL;21,4;Novaseq_002
DTU_2020_1007177_1_MG_RD_CPH_Sewage_598;Data delivered under Admera ID 17137D-12-28_S133;DTU;2020;1007177;1;MG;RD_CPH_Sewage_598;1066;1066;;Rensningsanlaeg Damhusaaen, CPH sewage, Copenhagen sewage, Copenhagen, sewage;saot;2019.11.02;DNK Denmark;527639 (sewage metagenome);sewage;Yes with 2 years delay;QIAamp Fast DNA Stool Mini Kit;Yes;"ILLUMINA	Illumina NovaSeq 6000";Admera Health;55,64050138;12,50581599;Technical University of Denmark, National Food Institute;;Copenhagen;RD;37,6;Novaseq_002
DTU_2020_1007177_2_MG_RD_CPH_Sewage_598;Data delivered under Admera ID 17137D-12-28_S24;DTU;2020;1007177;2;MG;RD_CPH_Sewage_598;1066;1066;;Rensningsanlaeg Damhusaaen, CPH sewage, Copenhagen sewage, Copenhagen, sewage;saot;2019.11.02;DNK Denmark;527639 (sewage metagenome);sewage;Yes with 2 years delay;QIAamp Fast DNA Stool Mini Kit;Yes;"ILLUMINA	Illumina NovaSeq 6000";Admera Health;55,64050138;12,50581599;Technical University of Denmark, National Food Institute;;Copenhagen;RD;37,6;Novaseq_002
DTU_2020_1007178_1_MG_RA_CPH_Sewage_600;Data delivered under Admera ID 17137D-12-29_S4;DTU;2020;1007178;1;MG;RA_CPH_Sewage_600;1066;1066;;Rensningsanlaeg Avedoere, CPH sewage, Copenhagen sewage, Copenhagen, sewage;saot;2019.11.11;DNK Denmark;527639 (sewage metagenome);sewage;Yes with 2 years delay;QIAamp Fast DNA Stool Mini Kit;Yes;"ILLUMINA	Illumina NovaSeq 6000";Admera Health;55,6084966;12,45053294;Technical University of Denmark, National Food Institute;;Copenhagen;RA;3,93;Novaseq_002
DTU_2020_1007179_1_MG_RD_CPH_Sewage_601;Data delivered under Admera ID 17137D-12-30_S25;DTU;2020;1007179;1;MG;RD_CPH_Sewage_601;1066;1066;;Rensningsanlaeg Damhusaaen, CPH sewage, Copenhagen sewage, Copenhagen, sewage;saot;2019.11.11;DNK Denmark;527639 (sewage metagenome);sewage;Yes with 2 years delay;QIAamp Fast DNA Stool Mini Kit;Yes;"ILLUMINA	Illumina NovaSeq 6000";Admera Health;55,64050138;12,50581599;Technical University of Denmark, National Food Institute;;Copenhagen;RD;3,76;Novaseq_002
DTU_2020_1007179_2_MG_RD_CPH_Sewage_601;Data delivered under Admera ID 17137D-12-30_S95;DTU;2020;1007179;2;MG;RD_CPH_Sewage_601;1066;1066;;Rensningsanlaeg Damhusaaen, CPH sewage, Copenhagen sewage, Copenhagen, sewage;saot;2019.11.11;DNK Denmark;527639 (sewage metagenome);sewage;Yes with 2 years delay;QIAamp Fast DNA Stool Mini Kit;Yes;"ILLUMINA	Illumina NovaSeq 6000";Admera Health;55,64050138;12,50581599;Technical University of Denmark, National Food Institute;;Copenhagen;RD;3,76;Novaseq_002
DTU_2020_1007180_1_MG_RL_CPH_Sewage_602;Data delivered under Admera ID 17137D-12-31_S148;DTU;2020;1007180;1;MG;RL_CPH_Sewage_602;1066;1066;;Rensningsanlaeg Lynetten, CPH sewage, Copenhagen sewage, Copenhagen, sewage;saot;2019.11.17;DNK Denmark;527639 (sewage metagenome);sewage;Yes with 2 years delay;QIAamp Fast DNA Stool Mini Kit;Yes;"ILLUMINA	Illumina NovaSeq 6000";Admera Health;55,69557497;12,61393094;Technical University of Denmark, National Food Institute;;Copenhagen;RL;52;Novaseq_002
DTU_2020_1007180_2_MG_RL_CPH_Sewage_602;Data delivered under Admera ID 17137D-12-31_S60;DTU;2020;1007180;2;MG;RL_CPH_Sewage_602;1066;1066;;Rensningsanlaeg Lynetten, CPH sewage, Copenhagen sewage, Copenhagen, sewage;saot;2019.11.17;DNK Denmark;527639 (sewage metagenome);sewage;Yes with 2 years delay;QIAamp Fast DNA Stool Mini Kit;Yes;"ILLUMINA	Illumina NovaSeq 6000";Admera Health;55,69557497;12,61393094;Technical University of Denmark, National Food Institute;;Copenhagen;RL;52;Novaseq_002
DTU_2020_1007181_1_MG_RA_CPH_Sewage_603;Data delivered under Admera ID 17137D-12-32_S26;DTU;2020;1007181;1;MG;RA_CPH_Sewage_603;1066;1066;;Rensningsanlaeg Avedoere, CPH sewage, Copenhagen sewage, Copenhagen, sewage;saot;2019.11.17;DNK Denmark;527639 (sewage metagenome);sewage;Yes with 2 years delay;QIAamp Fast DNA Stool Mini Kit;Yes;"ILLUMINA	Illumina NovaSeq 6000";Admera Health;55,6084966;12,45053294;Technical University of Denmark, National Food Institute;;Copenhagen;RA;7,7;Novaseq_002
DTU_2020_1007181_2_MG_RA_CPH_Sewage_603;Data delivered under Admera ID 17137D-12-32_S96;DTU;2020;1007181;2;MG;RA_CPH_Sewage_603;1066;1066;;Rensningsanlaeg Avedoere, CPH sewage, Copenhagen sewage, Copenhagen, sewage;saot;2019.11.17;DNK Denmark;527639 (sewage metagenome);sewage;Yes with 2 years delay;QIAamp Fast DNA Stool Mini Kit;Yes;"ILLUMINA	Illumina NovaSeq 6000";Admera Health;55,6084966;12,45053294;Technical University of Denmark, National Food Institute;;Copenhagen;RA;7,7;Novaseq_002
DTU_2020_1007182_1_MG_RD_CPH_Sewage_604;Data delivered under Admera ID 17137D-12-33_S134;DTU;2020;1007182;1;MG;RD_CPH_Sewage_604;1066;1066;;Rensningsanlaeg Damhusaaen, CPH sewage, Copenhagen sewage, Copenhagen, sewage;saot;2019.11.17;DNK Denmark;527639 (sewage metagenome);sewage;Yes with 2 years delay;QIAamp Fast DNA Stool Mini Kit;Yes;"ILLUMINA	Illumina NovaSeq 6000";Admera Health;55,64050138;12,50581599;Technical University of Denmark, National Food Institute;;Copenhagen;RD;43,6;Novaseq_002
DTU_2020_1007182_2_MG_RD_CPH_Sewage_604;Data delivered under Admera ID 17137D-12-33_S63;DTU;2020;1007182;2;MG;RD_CPH_Sewage_604;1066;1066;;Rensningsanlaeg Damhusaaen, CPH sewage, Copenhagen sewage, Copenhagen, sewage;saot;2019.11.17;DNK Denmark;527639 (sewage metagenome);sewage;Yes with 2 years delay;QIAamp Fast DNA Stool Mini Kit;Yes;"ILLUMINA	Illumina NovaSeq 6000";Admera Health;55,64050138;12,50581599;Technical University of Denmark, National Food Institute;;Copenhagen;RD;43,6;Novaseq_002
DTU_2020_1007183_1_MG_RL_CPH_Sewage_605;Data delivered under Admera ID 17137D-12-34_S149;DTU;2020;1007183;1;MG;RL_CPH_Sewage_605;1066;1066;;Rensningsanlaeg Lynetten, CPH sewage, Copenhagen sewage, Copenhagen, sewage;saot;2019.11.24;DNK Denmark;527639 (sewage metagenome);sewage;Yes with 2 years delay;QIAamp Fast DNA Stool Mini Kit;Yes;"ILLUMINA	Illumina NovaSeq 6000";Admera Health;55,69557497;12,61393094;Technical University of Denmark, National Food Institute;;Copenhagen;RL;1,82;Novaseq_002
DTU_2020_1007183_2_MG_RL_CPH_Sewage_605;Data delivered under Admera ID 17137D-12-34_S5;DTU;2020;1007183;2;MG;RL_CPH_Sewage_605;1066;1066;;Rensningsanlaeg Lynetten, CPH sewage, Copenhagen sewage, Copenhagen, sewage;saot;2019.11.24;DNK Denmark;527639 (sewage metagenome);sewage;Yes with 2 years delay;QIAamp Fast DNA Stool Mini Kit;Yes;"ILLUMINA	Illumina NovaSeq 6000";Admera Health;55,69557497;12,61393094;Technical University of Denmark, National Food Institute;;Copenhagen;RL;1,82;Novaseq_002
DTU_2020_1007184_1_MG_RA_CPH_Sewage_606;Data delivered under Admera ID 17137D-12-35_S152;DTU;2020;1007184;1;MG;RA_CPH_Sewage_606;1066;1066;;Rensningsanlaeg Avedoere, CPH sewage, Copenhagen sewage, Copenhagen, sewage;saot;2019.11.24;DNK Denmark;527639 (sewage metagenome);sewage;Yes with 2 years delay;QIAamp Fast DNA Stool Mini Kit;Yes;"ILLUMINA	Illumina NovaSeq 6000";Admera Health;55,6084966;12,45053294;Technical University of Denmark, National Food Institute;;Copenhagen;RA;2,15;Novaseq_002
DTU_2020_1007184_2_MG_RA_CPH_Sewage_606;Data delivered under Admera ID 17137D-12-35_S6;DTU;2020;1007184;2;MG;RA_CPH_Sewage_606;1066;1066;;Rensningsanlaeg Avedoere, CPH sewage, Copenhagen sewage, Copenhagen, sewage;saot;2019.11.24;DNK Denmark;527639 (sewage metagenome);sewage;Yes with 2 years delay;QIAamp Fast DNA Stool Mini Kit;Yes;"ILLUMINA	Illumina NovaSeq 6000";Admera Health;55,6084966;12,45053294;Technical University of Denmark, National Food Institute;;Copenhagen;RA;2,15;Novaseq_002
DTU_2020_1007185_1_MG_RD_CPH_Sewage_607;Data delivered under Admera ID 17137D-12-36_S135;DTU;2020;1007185;1;MG;RD_CPH_Sewage_607;1066;1066;;Rensningsanlaeg Damhusaaen, CPH sewage, Copenhagen sewage, Copenhagen, sewage;saot;2019.11.24;DNK Denmark;527639 (sewage metagenome);sewage;Yes with 2 years delay;QIAamp Fast DNA Stool Mini Kit;Yes;"ILLUMINA	Illumina NovaSeq 6000";Admera Health;55,64050138;12,50581599;Technical University of Denmark, National Food Institute;;Copenhagen;RD;1,84;Novaseq_002
DTU_2020_1007185_2_MG_RD_CPH_Sewage_607;Data delivered under Admera ID 17137D-12-36_S7;DTU;2020;1007185;2;MG;RD_CPH_Sewage_607;1066;1066;;Rensningsanlaeg Damhusaaen, CPH sewage, Copenhagen sewage, Copenhagen, sewage;saot;2019.11.24;DNK Denmark;527639 (sewage metagenome);sewage;Yes with 2 years delay;QIAamp Fast DNA Stool Mini Kit;Yes;"ILLUMINA	Illumina NovaSeq 6000";Admera Health;55,64050138;12,50581599;Technical University of Denmark, National Food Institute;;Copenhagen;RD;1,84;Novaseq_002
DTU_2020_1007186_1_MG_RL_CPH_Sewage_608;Data delivered under Admera ID 17137D-12-37_S136;DTU;2020;1007186;1;MG;RL_CPH_Sewage_608;1066;1066;;Rensningsanlaeg Lynetten, CPH sewage, Copenhagen sewage, Copenhagen, sewage;saot;2019.12.02;DNK Denmark;527639 (sewage metagenome);sewage;Yes with 2 years delay;QIAamp Fast DNA Stool Mini Kit;Yes;"ILLUMINA	Illumina NovaSeq 6000";Admera Health;55,69557497;12,61393094;Technical University of Denmark, National Food Institute;;Copenhagen;RL;8,07;Novaseq_002
DTU_2020_1007186_2_MG_RL_CPH_Sewage_608;Data delivered under Admera ID 17137D-12-37_S27;DTU;2020;1007186;2;MG;RL_CPH_Sewage_608;1066;1066;;Rensningsanlaeg Lynetten, CPH sewage, Copenhagen sewage, Copenhagen, sewage;saot;2019.12.02;DNK Denmark;527639 (sewage metagenome);sewage;Yes with 2 years delay;QIAamp Fast DNA Stool Mini Kit;Yes;"ILLUMINA	Illumina NovaSeq 6000";Admera Health;55,69557497;12,61393094;Technical University of Denmark, National Food Institute;;Copenhagen;RL;8,07;Novaseq_002
DTU_2020_1007187_1_MG_RA_CPH_Sewage_609;Data delivered under Admera ID 17137D-12-38_S137;DTU;2020;1007187;1;MG;RA_CPH_Sewage_609;1066;1066;;Rensningsanlaeg Avedoere, CPH sewage, Copenhagen sewage, Copenhagen, sewage;saot;2019.12.02;DNK Denmark;527639 (sewage metagenome);sewage;Yes with 2 years delay;QIAamp Fast DNA Stool Mini Kit;Yes;"ILLUMINA	Illumina NovaSeq 6000";Admera Health;55,6084966;12,45053294;Technical University of Denmark, National Food Institute;;Copenhagen;RA;4,29;Novaseq_002
DTU_2020_1007187_2_MG_RA_CPH_Sewage_609;Data delivered under Admera ID 17137D-12-38_S28;DTU;2020;1007187;2;MG;RA_CPH_Sewage_609;1066;1066;;Rensningsanlaeg Avedoere, CPH sewage, Copenhagen sewage, Copenhagen, sewage;saot;2019.12.02;DNK Denmark;527639 (sewage metagenome);sewage;Yes with 2 years delay;QIAamp Fast DNA Stool Mini Kit;Yes;"ILLUMINA	Illumina NovaSeq 6000";Admera Health;55,6084966;12,45053294;Technical University of Denmark, National Food Institute;;Copenhagen;RA;4,29;Novaseq_002
DTU_2020_1007188_1_MG_RD_CPH_Sewage_610;Data delivered under Admera ID 17137D-12-39_S153;DTU;2020;1007188;1;MG;RD_CPH_Sewage_610;1066;1066;;Rensningsanlaeg Damhusaaen, CPH sewage, Copenhagen sewage, Copenhagen, sewage;saot;2019.12.02;DNK Denmark;527639 (sewage metagenome);sewage;Yes with 2 years delay;QIAamp Fast DNA Stool Mini Kit;Yes;"ILLUMINA	Illumina NovaSeq 6000";Admera Health;55,64050138;12,50581599;Technical University of Denmark, National Food Institute;;Copenhagen;RD;3,4;Novaseq_002
DTU_2020_1007188_2_MG_RD_CPH_Sewage_610;Data delivered under Admera ID 17137D-12-39_S8;DTU;2020;1007188;2;MG;RD_CPH_Sewage_610;1066;1066;;Rensningsanlaeg Damhusaaen, CPH sewage, Copenhagen sewage, Copenhagen, sewage;saot;2019.12.02;DNK Denmark;527639 (sewage metagenome);sewage;Yes with 2 years delay;QIAamp Fast DNA Stool Mini Kit;Yes;"ILLUMINA	Illumina NovaSeq 6000";Admera Health;55,64050138;12,50581599;Technical University of Denmark, National Food Institute;;Copenhagen;RD;3,4;Novaseq_002
DTU_2020_1007189_1_MG_RL_CPH_Sewage_614;Data delivered under Admera ID 17137D-12-40_S73;DTU;2020;1007189;1;MG;RL_CPH_Sewage_614;1066;1066;;Rensningsanlaeg Lynetten, CPH sewage, Copenhagen sewage, Copenhagen, sewage;saot;2019.12.20;DNK Denmark;527639 (sewage metagenome);sewage;Yes with 2 years delay;QIAamp Fast DNA Stool Mini Kit;Yes;"ILLUMINA	Illumina NovaSeq 6000";Admera Health;55,69557497;12,61393094;Technical University of Denmark, National Food Institute;;Copenhagen;RL;31,2;Novaseq_002
DTU_2020_1007190_1_MG_RA_CPH_Sewage_615;Data delivered under Admera ID 17137D-12-41_S125;DTU;2020;1007190;1;MG;RA_CPH_Sewage_615;1066;1066;;Rensningsanlaeg Avedoere, CPH sewage, Copenhagen sewage, Copenhagen, sewage;saot;2019.12.20;DNK Denmark;527639 (sewage metagenome);sewage;Yes with 2 years delay;QIAamp Fast DNA Stool Mini Kit;Yes;"ILLUMINA	Illumina NovaSeq 6000";Admera Health;55,6084966;12,45053294;Technical University of Denmark, National Food Institute;;Copenhagen;RA;9,07;Novaseq_002
DTU_2020_1007190_2_MG_RA_CPH_Sewage_615;Data delivered under Admera ID 17137D-12-41_S29;DTU;2020;1007190;2;MG;RA_CPH_Sewage_615;1066;1066;;Rensningsanlaeg Avedoere, CPH sewage, Copenhagen sewage, Copenhagen, sewage;saot;2019.12.20;DNK Denmark;527639 (sewage metagenome);sewage;Yes with 2 years delay;QIAamp Fast DNA Stool Mini Kit;Yes;"ILLUMINA	Illumina NovaSeq 6000";Admera Health;55,6084966;12,45053294;Technical University of Denmark, National Food Institute;;Copenhagen;RA;9,07;Novaseq_002
DTU_2020_1007191_1_MG_RD_CPH_Sewage_616;Data delivered under Admera ID 17137D-12-42_S30;DTU;2020;1007191;1;MG;RD_CPH_Sewage_616;1066;1066;;Rensningsanlaeg Damhusaaen, CPH sewage, Copenhagen sewage, Copenhagen, sewage;saot;2019.12.20;DNK Denmark;527639 (sewage metagenome);sewage;Yes with 2 years delay;QIAamp Fast DNA Stool Mini Kit;Yes;"ILLUMINA	Illumina NovaSeq 6000";Admera Health;55,64050138;12,50581599;Technical University of Denmark, National Food Institute;;Copenhagen;RD;31,4;Novaseq_002
DTU_2020_1007192_1_MG_RL_CPH_Sewage_617;Data delivered under Admera ID 17137D-12-43_S74;DTU;2020;1007192;1;MG;RL_CPH_Sewage_617;1066;1066;;Rensningsanlaeg Lynetten, CPH sewage, Copenhagen sewage, Copenhagen, sewage;saot;2020.01.07;DNK Denmark;527639 (sewage metagenome);sewage;Yes with 2 years delay;QIAamp Fast DNA Stool Mini Kit;Yes;"ILLUMINA	Illumina NovaSeq 6000";Admera Health;55,69557497;12,61393094;Technical University of Denmark, National Food Institute;;Copenhagen;RL;32,2;Novaseq_002
DTU_2020_1007193_1_MG_RA_CPH_Sewage_618;Data delivered under Admera ID 17137D-12-44_S138;DTU;2020;1007193;1;MG;RA_CPH_Sewage_618;1066;1066;;Rensningsanlaeg Avedoere, CPH sewage, Copenhagen sewage, Copenhagen, sewage;saot;2020.01.07;DNK Denmark;527639 (sewage metagenome);sewage;Yes with 2 years delay;QIAamp Fast DNA Stool Mini Kit;Yes;"ILLUMINA	Illumina NovaSeq 6000";Admera Health;55,6084966;12,45053294;Technical University of Denmark, National Food Institute;;Copenhagen;RA;43,5;Novaseq_002
DTU_2020_1007193_2_MG_RA_CPH_Sewage_618;Data delivered under Admera ID 17137D-12-44_S57;DTU;2020;1007193;2;MG;RA_CPH_Sewage_618;1066;1066;;Rensningsanlaeg Avedoere, CPH sewage, Copenhagen sewage, Copenhagen, sewage;saot;2020.01.07;DNK Denmark;527639 (sewage metagenome);sewage;Yes with 2 years delay;QIAamp Fast DNA Stool Mini Kit;Yes;"ILLUMINA	Illumina NovaSeq 6000";Admera Health;55,6084966;12,45053294;Technical University of Denmark, National Food Institute;;Copenhagen;RA;43,5;Novaseq_002
DTU_2020_1007194_1_MG_RD_CPH_Sewage_619;Data delivered under Admera ID 17137D-12-45_S31;DTU;2020;1007194;1;MG;RD_CPH_Sewage_619;1066;1066;;Rensningsanlaeg Damhusaaen, CPH sewage, Copenhagen sewage, Copenhagen, sewage;saot;2020.01.07;DNK Denmark;527639 (sewage metagenome);sewage;Yes with 2 years delay;QIAamp Fast DNA Stool Mini Kit;Yes;"ILLUMINA	Illumina NovaSeq 6000";Admera Health;55,64050138;12,50581599;Technical University of Denmark, National Food Institute;;Copenhagen;RD;37,8;Novaseq_002
DTU_2020_1007195_1_MG_RL_CPH_Sewage_620;Data delivered under Admera ID 17137D-12-46_S32;DTU;2020;1007195;1;MG;RL_CPH_Sewage_620;1066;1066;;Rensningsanlaeg Lynetten, CPH sewage, Copenhagen sewage, Copenhagen, sewage;saot;2020.01.14;DNK Denmark;527639 (sewage metagenome);sewage;Yes with 2 years delay;QIAamp Fast DNA Stool Mini Kit;Yes;"ILLUMINA	Illumina NovaSeq 6000";Admera Health;55,69557497;12,61393094;Technical University of Denmark, National Food Institute;;Copenhagen;RL;34,1;Novaseq_002
DTU_2020_1007196_1_MG_RA_CPH_Sewage_621;Data delivered under Admera ID 17137D-12-47_S55;DTU;2020;1007196;1;MG;RA_CPH_Sewage_621;1066;1066;;Rensningsanlaeg Avedoere, CPH sewage, Copenhagen sewage, Copenhagen, sewage;saot;2020.01.14;DNK Denmark;527639 (sewage metagenome);sewage;Yes with 2 years delay;QIAamp Fast DNA Stool Mini Kit;Yes;"ILLUMINA	Illumina NovaSeq 6000";Admera Health;55,6084966;12,45053294;Technical University of Denmark, National Food Institute;;Copenhagen;RA;28,6;Novaseq_002
DTU_2020_1007197_1_MG_RD_CPH_Sewage_622;Data delivered under Admera ID 17137D-12-48_S75;DTU;2020;1007197;1;MG;RD_CPH_Sewage_622;1066;1066;;Rensningsanlaeg Damhusaaen, CPH sewage, Copenhagen sewage, Copenhagen, sewage;saot;2020.01.14;DNK Denmark;527639 (sewage metagenome);sewage;Yes with 2 years delay;QIAamp Fast DNA Stool Mini Kit;Yes;"ILLUMINA	Illumina NovaSeq 6000";Admera Health;55,64050138;12,50581599;Technical University of Denmark, National Food Institute;;Copenhagen;RD;36,8;Novaseq_002
DTU_2020_1007198_1_MG_RL_CPH_Sewage_623;Data delivered under Admera ID 17137D-12-49_S76;DTU;2020;1007198;1;MG;RL_CPH_Sewage_623;1066;1066;;Rensningsanlaeg Lynetten, CPH sewage, Copenhagen sewage, Copenhagen, sewage;saot;2020.01.22;DNK Denmark;527639 (sewage metagenome);sewage;Yes with 2 years delay;QIAamp Fast DNA Stool Mini Kit;Yes;"ILLUMINA	Illumina NovaSeq 6000";Admera Health;55,69557497;12,61393094;Technical University of Denmark, National Food Institute;;Copenhagen;RL;45,9;Novaseq_002
DTU_2020_1007199_1_MG_RA_CPH_Sewage_624;Data delivered under Admera ID 17137D-12-50_S77;DTU;2020;1007199;1;MG;RA_CPH_Sewage_624;1066;1066;;Rensningsanlaeg Avedoere, CPH sewage, Copenhagen sewage, Copenhagen, sewage;saot;2020.01.22;DNK Denmark;527639 (sewage metagenome);sewage;Yes with 2 years delay;QIAamp Fast DNA Stool Mini Kit;Yes;"ILLUMINA	Illumina NovaSeq 6000";Admera Health;55,6084966;12,45053294;Technical University of Denmark, National Food Institute;;Copenhagen;RA;34,8;Novaseq_002
DTU_2020_1007200_1_MG_RL_CPH_Sewage_625;Data delivered under Admera ID 17137D-12-51_S78;DTU;2020;1007200;1;MG;RL_CPH_Sewage_625;1066;1066;;Rensningsanlaeg Lynetten, CPH sewage, Copenhagen sewage, Copenhagen, sewage;saot;2020.02.29;DNK Denmark;527639 (sewage metagenome);sewage;Yes with 2 years delay;QIAamp Fast DNA Stool Mini Kit;Yes;"ILLUMINA	Illumina NovaSeq 6000";Admera Health;55,69557497;12,61393094;Technical University of Denmark, National Food Institute;;Copenhagen;RL;37,7;Novaseq_002
DTU_2020_1007201_1_MG_RA_CPH_Sewage_626;Data delivered under Admera ID 17137D-12-52_S33;DTU;2020;1007201;1;MG;RA_CPH_Sewage_626;1066;1066;;Rensningsanlaeg Avedoere, CPH sewage, Copenhagen sewage, Copenhagen, sewage;saot;2020.02.29;DNK Denmark;527639 (sewage metagenome);sewage;Yes with 2 years delay;QIAamp Fast DNA Stool Mini Kit;Yes;"ILLUMINA	Illumina NovaSeq 6000";Admera Health;55,6084966;12,45053294;Technical University of Denmark, National Food Institute;;Copenhagen;RA;35,3;Novaseq_002
DTU_2020_1007202_1_MG_RD_CPH_Sewage_627;Data delivered under Admera ID 17137D-12-53_S34;DTU;2020;1007202;1;MG;RD_CPH_Sewage_627;1066;1066;;Rensningsanlaeg Damhusaaen, CPH sewage, Copenhagen sewage, Copenhagen, sewage;saot;2020.02.29;DNK Denmark;527639 (sewage metagenome);sewage;Yes with 2 years delay;QIAamp Fast DNA Stool Mini Kit;Yes;"ILLUMINA	Illumina NovaSeq 6000";Admera Health;55,64050138;12,50581599;Technical University of Denmark, National Food Institute;;Copenhagen;RD;39,1;Novaseq_002
DTU_2020_1007203_1_MG_RL_CPH_Sewage_628;Data delivered under Admera ID 17137D-12-54_S35;DTU;2020;1007203;1;MG;RL_CPH_Sewage_628;1066;1066;;Rensningsanlaeg Lynetten, CPH sewage, Copenhagen sewage, Copenhagen, sewage;saot;2020.02.04;DNK Denmark;527639 (sewage metagenome);sewage;Yes with 2 years delay;QIAamp Fast DNA Stool Mini Kit;Yes;"ILLUMINA	Illumina NovaSeq 6000";Admera Health;55,69557497;12,61393094;Technical University of Denmark, National Food Institute;;Copenhagen;RL;5,7;Novaseq_002
DTU_2020_1007204_1_MG_RA_CPH_Sewage_629;Data delivered under Admera ID 17137D-12-55_S56;DTU;2020;1007204;1;MG;RA_CPH_Sewage_629;1066;1066;;Rensningsanlaeg Avedoere, CPH sewage, Copenhagen sewage, Copenhagen, sewage;saot;2020.02.04;DNK Denmark;527639 (sewage metagenome);sewage;Yes with 2 years delay;QIAamp Fast DNA Stool Mini Kit;Yes;"ILLUMINA	Illumina NovaSeq 6000";Admera Health;55,6084966;12,45053294;Technical University of Denmark, National Food Institute;;Copenhagen;RA;36,6;Novaseq_002
DTU_2020_1007205_1_MG_RD_CPH_Sewage_630;Data delivered under Admera ID 17137D-12-56_S79;DTU;2020;1007205;1;MG;RD_CPH_Sewage_630;1066;1066;;Rensningsanlaeg Damhusaaen, CPH sewage, Copenhagen sewage, Copenhagen, sewage;saot;2020.02.04;DNK Denmark;527639 (sewage metagenome);sewage;Yes with 2 years delay;QIAamp Fast DNA Stool Mini Kit;Yes;"ILLUMINA	Illumina NovaSeq 6000";Admera Health;55,64050138;12,50581599;Technical University of Denmark, National Food Institute;;Copenhagen;RD;32,3;Novaseq_002
DTU_2020_1007206_1_MG_RL_CPH_Sewage_631;Data delivered under Admera ID 17137D-12-57_S36;DTU;2020;1007206;1;MG;RL_CPH_Sewage_631;1066;1066;;Rensningsanlaeg Lynetten, CPH sewage, Copenhagen sewage, Copenhagen, sewage;saot;2020.02.11;DNK Denmark;527639 (sewage metagenome);sewage;Yes with 2 years delay;QIAamp Fast DNA Stool Mini Kit;Yes;"ILLUMINA	Illumina NovaSeq 6000";Admera Health;55,69557497;12,61393094;Technical University of Denmark, National Food Institute;;Copenhagen;RL;6,63;Novaseq_002
DTU_2020_1007207_1_MG_RA_CPH_Sewage_632;Data delivered under Admera ID 17137D-12-58_S37;DTU;2020;1007207;1;MG;RA_CPH_Sewage_632;1066;1066;;Rensningsanlaeg Avedoere, CPH sewage, Copenhagen sewage, Copenhagen, sewage;saot;2020.02.11;DNK Denmark;527639 (sewage metagenome);sewage;Yes with 2 years delay;QIAamp Fast DNA Stool Mini Kit;Yes;"ILLUMINA	Illumina NovaSeq 6000";Admera Health;55,6084966;12,45053294;Technical University of Denmark, National Food Institute;;Copenhagen;RA;18,1;Novaseq_002
DTU_2020_1007208_1_MG_RD_CPH_Sewage_633;Data delivered under Admera ID 17137D-12-59_S80;DTU;2020;1007208;1;MG;RD_CPH_Sewage_633;1066;1066;;Rensningsanlaeg Damhusaaen, CPH sewage, Copenhagen sewage, Copenhagen, sewage;saot;2020.02.11;DNK Denmark;527639 (sewage metagenome);sewage;Yes with 2 years delay;QIAamp Fast DNA Stool Mini Kit;Yes;"ILLUMINA	Illumina NovaSeq 6000";Admera Health;55,64050138;12,50581599;Technical University of Denmark, National Food Institute;;Copenhagen;RD;32,7;Novaseq_002
DTU_2020_1007209_1_MG_RL_CPH_Sewage_634;Data delivered under Admera ID 17137D-12-60_S81;DTU;2020;1007209;1;MG;RL_CPH_Sewage_634;1066;1066;;Rensningsanlaeg Lynetten, CPH sewage, Copenhagen sewage, Copenhagen, sewage;saot;2020.02.19;DNK Denmark;527639 (sewage metagenome);sewage;Yes with 2 years delay;QIAamp Fast DNA Stool Mini Kit;Yes;"ILLUMINA	Illumina NovaSeq 6000";Admera Health;55,69557497;12,61393094;Technical University of Denmark, National Food Institute;;Copenhagen;RL;33,1;Novaseq_002
DTU_2020_1007210_1_MG_RA_CPH_Sewage_635;Data delivered under Admera ID 17137D-12-61_S9;DTU;2020;1007210;1;MG;RA_CPH_Sewage_635;1066;1066;;Rensningsanlaeg Avedoere, CPH sewage, Copenhagen sewage, Copenhagen, sewage;saot;2020.02.19;DNK Denmark;527639 (sewage metagenome);sewage;Yes with 2 years delay;QIAamp Fast DNA Stool Mini Kit;Yes;"ILLUMINA	Illumina NovaSeq 6000";Admera Health;55,6084966;12,45053294;Technical University of Denmark, National Food Institute;;Copenhagen;RA;4,39;Novaseq_002
DTU_2020_1007211_1_MG_RD_CPH_Sewage_636;Data delivered under Admera ID 17137D-12-62_S38;DTU;2020;1007211;1;MG;RD_CPH_Sewage_636;1066;1066;;Rensningsanlaeg Damhusaaen, CPH sewage, Copenhagen sewage, Copenhagen, sewage;saot;2020.02.19;DNK Denmark;527639 (sewage metagenome);sewage;Yes with 2 years delay;QIAamp Fast DNA Stool Mini Kit;Yes;"ILLUMINA	Illumina NovaSeq 6000";Admera Health;55,64050138;12,50581599;Technical University of Denmark, National Food Institute;;Copenhagen;RD;3,69;Novaseq_002
DTU_2020_1007212_1_MG_RD_CPH_Sewage_637;Data delivered under Admera ID 17137D-12-63_S39;DTU;2020;1007212;1;MG;RD_CPH_Sewage_637;1066;1066;;Rensningsanlaeg Damhusaaen, CPH sewage, Copenhagen sewage, Copenhagen, sewage;saot;2020.02.26;DNK Denmark;527639 (sewage metagenome);sewage;Yes with 2 years delay;QIAamp Fast DNA Stool Mini Kit;Yes;"ILLUMINA	Illumina NovaSeq 6000";Admera Health;55,64050138;12,50581599;Technical University of Denmark, National Food Institute;;Copenhagen;RD;35,5;Novaseq_002
DTU_2020_1007213_1_MG_RA_CPH_Sewage_638;Data delivered under Admera ID 17137D-12-64_S40;DTU;2020;1007213;1;MG;RA_CPH_Sewage_638;1066;1066;;Rensningsanlaeg Avedoere, CPH sewage, Copenhagen sewage, Copenhagen, sewage;saot;2020.04.02;DNK Denmark;527639 (sewage metagenome);sewage;Yes with 2 years delay;QIAamp Fast DNA Stool Mini Kit;Yes;"ILLUMINA	Illumina NovaSeq 6000";Admera Health;55,6084966;12,45053294;Technical University of Denmark, National Food Institute;;Copenhagen;RA;58;Novaseq_002
DTU_2020_1007214_1_MG_RD_CPH_Sewage_639;Data delivered under Admera ID 17137D-12-65_S59;DTU;2020;1007214;1;MG;RD_CPH_Sewage_639;1066;1066;;Rensningsanlaeg Damhusaaen, CPH sewage, Copenhagen sewage, Copenhagen, sewage;saot;2020.04.02;DNK Denmark;527639 (sewage metagenome);sewage;Yes with 2 years delay;QIAamp Fast DNA Stool Mini Kit;Yes;"ILLUMINA	Illumina NovaSeq 6000";Admera Health;55,64050138;12,50581599;Technical University of Denmark, National Food Institute;;Copenhagen;RD;54;Novaseq_002
DTU_2020_1007214_2_MG_RD_CPH_Sewage_639;Data delivered under Admera ID 17137D-12-65_S97;DTU;2020;1007214;2;MG;RD_CPH_Sewage_639;1066;1066;;Rensningsanlaeg Damhusaaen, CPH sewage, Copenhagen sewage, Copenhagen, sewage;saot;2020.04.02;DNK Denmark;527639 (sewage metagenome);sewage;Yes with 2 years delay;QIAamp Fast DNA Stool Mini Kit;Yes;"ILLUMINA	Illumina NovaSeq 6000";Admera Health;55,64050138;12,50581599;Technical University of Denmark, National Food Institute;;Copenhagen;RD;54;Novaseq_002
DTU_2020_1007215_1_MG_RL_CPH_Sewage_640;Data delivered under Admera ID 17137D-12-66_S139;DTU;2020;1007215;1;MG;RL_CPH_Sewage_640;1066;1066;;Rensningsanlaeg Lynetten, CPH sewage, Copenhagen sewage, Copenhagen, sewage;saot;2020.04.02;DNK Denmark;527639 (sewage metagenome);sewage;Yes with 2 years delay;QIAamp Fast DNA Stool Mini Kit;Yes;"ILLUMINA	Illumina NovaSeq 6000";Admera Health;55,69557497;12,61393094;Technical University of Denmark, National Food Institute;;Copenhagen;RL;55;Novaseq_002
DTU_2020_1007215_2_MG_RL_CPH_Sewage_640;Data delivered under Admera ID 17137D-12-66_S41;DTU;2020;1007215;2;MG;RL_CPH_Sewage_640;1066;1066;;Rensningsanlaeg Lynetten, CPH sewage, Copenhagen sewage, Copenhagen, sewage;saot;2020.04.02;DNK Denmark;527639 (sewage metagenome);sewage;Yes with 2 years delay;QIAamp Fast DNA Stool Mini Kit;Yes;"ILLUMINA	Illumina NovaSeq 6000";Admera Health;55,69557497;12,61393094;Technical University of Denmark, National Food Institute;;Copenhagen;RL;55;Novaseq_002
DTU_2020_1007216_1_MG_RL_CPH_Sewage_642;Data delivered under Admera ID 17137D-12-67_S10;DTU;2020;1007216;1;MG;RL_CPH_Sewage_642;1066;1066;;Rensningsanlaeg Lynetten, CPH sewage, Copenhagen sewage, Copenhagen, sewage;saot;2020.03.05;DNK Denmark;527639 (sewage metagenome);sewage;Yes with 2 years delay;QIAamp Fast DNA Stool Mini Kit;Yes;"ILLUMINA	Illumina NovaSeq 6000";Admera Health;55,69557497;12,61393094;Technical University of Denmark, National Food Institute;;Copenhagen;RL;1,42;Novaseq_002
DTU_2020_1007216_2_MG_RL_CPH_Sewage_642;Data delivered under Admera ID 17137D-12-67_S101;DTU;2020;1007216;2;MG;RL_CPH_Sewage_642;1066;1066;;Rensningsanlaeg Lynetten, CPH sewage, Copenhagen sewage, Copenhagen, sewage;saot;2020.03.05;DNK Denmark;527639 (sewage metagenome);sewage;Yes with 2 years delay;QIAamp Fast DNA Stool Mini Kit;Yes;"ILLUMINA	Illumina NovaSeq 6000";Admera Health;55,69557497;12,61393094;Technical University of Denmark, National Food Institute;;Copenhagen;RL;1,42;Novaseq_002
DTU_2020_1007217_1_MG_RD_CPH_Sewage_643;Data delivered under Admera ID 17137D-12-68_S42;DTU;2020;1007217;1;MG;RD_CPH_Sewage_643;1066;1066;;Rensningsanlaeg Lynetten, CPH sewage, Copenhagen sewage, Copenhagen, sewage;saot;2020.03.05;DNK Denmark;527639 (sewage metagenome);sewage;Yes with 2 years delay;QIAamp Fast DNA Stool Mini Kit;Yes;"ILLUMINA	Illumina NovaSeq 6000";Admera Health;55,69557497;12,61393094;Technical University of Denmark, National Food Institute;;Copenhagen;RD;1,34;Novaseq_002
DTU_2020_1007218_1_MG_RA_CPH_Sewage_645;Data delivered under Admera ID 17137D-12-69_S140;DTU;2020;1007218;1;MG;RA_CPH_Sewage_645;1066;1066;;Rensningsanlaeg Avedoere, CPH sewage, Copenhagen sewage, Copenhagen, sewage;saot;2020.03.12;DNK Denmark;527639 (sewage metagenome);sewage;Yes with 2 years delay;QIAamp Fast DNA Stool Mini Kit;Yes;"ILLUMINA	Illumina NovaSeq 6000";Admera Health;55,6084966;12,45053294;Technical University of Denmark, National Food Institute;;Copenhagen;RA;39,5;Novaseq_002
DTU_2020_1007218_2_MG_RA_CPH_Sewage_645;Data delivered under Admera ID 17137D-12-69_S43;DTU;2020;1007218;2;MG;RA_CPH_Sewage_645;1066;1066;;Rensningsanlaeg Avedoere, CPH sewage, Copenhagen sewage, Copenhagen, sewage;saot;2020.03.12;DNK Denmark;527639 (sewage metagenome);sewage;Yes with 2 years delay;QIAamp Fast DNA Stool Mini Kit;Yes;"ILLUMINA	Illumina NovaSeq 6000";Admera Health;55,6084966;12,45053294;Technical University of Denmark, National Food Institute;;Copenhagen;RA;39,5;Novaseq_002
DTU_2020_1007219_1_MG_RL_CPH_Sewage_646;Data delivered under Admera ID 17137D-12-70_S11;DTU;2020;1007219;1;MG;RL_CPH_Sewage_646;1066;1066;;Rensningsanlaeg Lynetten, CPH sewage, Copenhagen sewage, Copenhagen, sewage;saot;2020.03.12;DNK Denmark;527639 (sewage metagenome);sewage;Yes with 2 years delay;QIAamp Fast DNA Stool Mini Kit;Yes;"ILLUMINA	Illumina NovaSeq 6000";Admera Health;55,69557497;12,61393094;Technical University of Denmark, National Food Institute;;Copenhagen;RL;1,78;Novaseq_002
DTU_2020_1007219_2_MG_RL_CPH_Sewage_646;Data delivered under Admera ID 17137D-12-70_S155;DTU;2020;1007219;2;MG;RL_CPH_Sewage_646;1066;1066;;Rensningsanlaeg Lynetten, CPH sewage, Copenhagen sewage, Copenhagen, sewage;saot;2020.03.12;DNK Denmark;527639 (sewage metagenome);sewage;Yes with 2 years delay;QIAamp Fast DNA Stool Mini Kit;Yes;"ILLUMINA	Illumina NovaSeq 6000";Admera Health;55,69557497;12,61393094;Technical University of Denmark, National Food Institute;;Copenhagen;RL;1,78;Novaseq_002
DTU_2020_1007220_1_MG_RD_CPH_Sewage_647;Data delivered under Admera ID 17137D-12-71_S44;DTU;2020;1007220;1;MG;RD_CPH_Sewage_647;1066;1066;;Rensningsanlaeg Damhusaaen, CPH sewage, Copenhagen sewage, Copenhagen, sewage;saot;2020.03.12;DNK Denmark;527639 (sewage metagenome);sewage;Yes with 2 years delay;QIAamp Fast DNA Stool Mini Kit;Yes;"ILLUMINA	Illumina NovaSeq 6000";Admera Health;55,64050138;12,50581599;Technical University of Denmark, National Food Institute;;Copenhagen;RD;3,5;Novaseq_002
DTU_2020_1007221_1_MG_RA_CPH_Sewage_648;Data delivered under Admera ID 17137D-12-72_S12;DTU;2020;1007221;1;MG;RA_CPH_Sewage_648;1066;1066;;Rensningsanlaeg Avedoere, CPH sewage, Copenhagen sewage, Copenhagen, sewage;saot;2020.03.20;DNK Denmark;527639 (sewage metagenome);sewage;Yes with 2 years delay;QIAamp Fast DNA Stool Mini Kit;Yes;"ILLUMINA	Illumina NovaSeq 6000";Admera Health;55,6084966;12,45053294;Technical University of Denmark, National Food Institute;;Copenhagen;RA;2,38;Novaseq_002
DTU_2020_1007221_2_MG_RA_CPH_Sewage_648;Data delivered under Admera ID 17137D-12-72_S154;DTU;2020;1007221;2;MG;RA_CPH_Sewage_648;1066;1066;;Rensningsanlaeg Avedoere, CPH sewage, Copenhagen sewage, Copenhagen, sewage;saot;2020.03.20;DNK Denmark;527639 (sewage metagenome);sewage;Yes with 2 years delay;QIAamp Fast DNA Stool Mini Kit;Yes;"ILLUMINA	Illumina NovaSeq 6000";Admera Health;55,6084966;12,45053294;Technical University of Denmark, National Food Institute;;Copenhagen;RA;2,38;Novaseq_002
DTU_2020_1007222_1_MG_RL_CPH_Sewage_649;Data delivered under Admera ID 17137D-12-73_S13;DTU;2020;1007222;1;MG;RL_CPH_Sewage_649;1066;1066;;Rensningsanlaeg Lynetten, CPH sewage, Copenhagen sewage, Copenhagen, sewage;saot;2020.03.20;DNK Denmark;527639 (sewage metagenome);sewage;Yes with 2 years delay;QIAamp Fast DNA Stool Mini Kit;Yes;"ILLUMINA	Illumina NovaSeq 6000";Admera Health;55,69557497;12,61393094;Technical University of Denmark, National Food Institute;;Copenhagen;RL;2,26;Novaseq_002
DTU_2020_1007223_1_MG_RD_CPH_Sewage_650;Data delivered under Admera ID 17137D-12-74_S14;DTU;2020;1007223;1;MG;RD_CPH_Sewage_650;1066;1066;;Rensningsanlaeg Damhusaaen, CPH sewage, Copenhagen sewage, Copenhagen, sewage;saot;2020.03.20;DNK Denmark;527639 (sewage metagenome);sewage;Yes with 2 years delay;QIAamp Fast DNA Stool Mini Kit;Yes;"ILLUMINA	Illumina NovaSeq 6000";Admera Health;55,64050138;12,50581599;Technical University of Denmark, National Food Institute;;Copenhagen;RD;2,56;Novaseq_002
DTU_2020_1007223_2_MG_RD_CPH_Sewage_650;Data delivered under Admera ID 17137D-12-74_S141;DTU;2020;1007223;2;MG;RD_CPH_Sewage_650;1066;1066;;Rensningsanlaeg Damhusaaen, CPH sewage, Copenhagen sewage, Copenhagen, sewage;saot;2020.03.20;DNK Denmark;527639 (sewage metagenome);sewage;Yes with 2 years delay;QIAamp Fast DNA Stool Mini Kit;Yes;"ILLUMINA	Illumina NovaSeq 6000";Admera Health;55,64050138;12,50581599;Technical University of Denmark, National Food Institute;;Copenhagen;RD;2,56;Novaseq_002
DTU_2020_1007224_1_MG_RL_CPH_Sewage_651;Data delivered under Admera ID 17137D-12-75_S45;DTU;2020;1007224;1;MG;RL_CPH_Sewage_651;1066;1066;;Rensningsanlaeg Lynetten, CPH sewage, Copenhagen sewage, Copenhagen, sewage;saot;2020.03.26;DNK Denmark;527639 (sewage metagenome);sewage;Yes with 2 years delay;QIAamp Fast DNA Stool Mini Kit;Yes;"ILLUMINA	Illumina NovaSeq 6000";Admera Health;55,69557497;12,61393094;Technical University of Denmark, National Food Institute;;Copenhagen;RL;3,14;Novaseq_002
DTU_2020_1007225_1_MG_RD_CPH_Sewage_652;Data delivered under Admera ID 17137D-12-76_S46;DTU;2020;1007225;1;MG;RD_CPH_Sewage_652;1066;1066;;Rensningsanlaeg Damhusaaen, CPH sewage, Copenhagen sewage, Copenhagen, sewage;saot;2020.03.26;DNK Denmark;527639 (sewage metagenome);sewage;Yes with 2 years delay;QIAamp Fast DNA Stool Mini Kit;Yes;"ILLUMINA	Illumina NovaSeq 6000";Admera Health;55,64050138;12,50581599;Technical University of Denmark, National Food Institute;;Copenhagen;RD;2,94;Novaseq_002
DTU_2020_1007226_1_MG_RL_CPH_Sewage_653;Data delivered under Admera ID 17137D-12-77_S47;DTU;2020;1007226;1;MG;RL_CPH_Sewage_653;1066;1066;;Rensningsanlaeg Lynetten, CPH sewage, Copenhagen sewage, Copenhagen, sewage;saot;2020.04.16;DNK Denmark;527639 (sewage metagenome);sewage;Yes with 2 years delay;QIAamp Fast DNA Stool Mini Kit;Yes;"ILLUMINA	Illumina NovaSeq 6000";Admera Health;55,69557497;12,61393094;Technical University of Denmark, National Food Institute;;Copenhagen;RL;3,21;Novaseq_002
DTU_2020_1007227_1_MG_RL_CPH_Sewage_654;Data delivered under Admera ID 17137D-12-78_S71;DTU;2020;1007227;1;MG;RL_CPH_Sewage_654;1066;1066;;Rensningsanlaeg Lynetten indloeb, CPH sewage, Copenhagen sewage, Copenhagen, sewage;saot;2020.04.27;DNK Denmark;527639 (sewage metagenome);sewage;Yes with 2 years delay;QIAamp Fast DNA Stool Mini Kit;Yes;"ILLUMINA	Illumina NovaSeq 6000";Admera Health;55,69557497;12,61393094;Technical University of Denmark, National Food Institute;;Copenhagen;RL;36,7;Novaseq_002
DTU_2020_1007228_1_MG_RA_CPH_Sewage_655;Data delivered under Admera ID 17137D-12-79_S48;DTU;2020;1007228;1;MG;RA_CPH_Sewage_655;1066;1066;;Rensningsanlaeg Avedoere indloeb, CPH sewage, Copenhagen sewage, Copenhagen, sewage;saot;2020.04.27;DNK Denmark;527639 (sewage metagenome);sewage;Yes with 2 years delay;QIAamp Fast DNA Stool Mini Kit;Yes;"ILLUMINA	Illumina NovaSeq 6000";Admera Health;55,6084966;12,45053294;Technical University of Denmark, National Food Institute;;Copenhagen;RA;15,5;Novaseq_002
DTU_2020_1007229_1_MG_RD_CPH_Sewage_656;Data delivered under Admera ID 17137D-12-80_S65;DTU;2020;1007229;1;MG;RD_CPH_Sewage_656;1066;1066;;Rensningsanlaeg Damhusaaen indloeb, CPH sewage, Copenhagen sewage, Copenhagen, sewage;saot;2020.04.27;DNK Denmark;527639 (sewage metagenome);sewage;Yes with 2 years delay;QIAamp Fast DNA Stool Mini Kit;Yes;"ILLUMINA	Illumina NovaSeq 6000";Admera Health;55,64050138;12,50581599;Technical University of Denmark, National Food Institute;;Copenhagen;RD;37,5;Novaseq_002
DTU_2020_1007230_1_MG_RL_CPH_Sewage_662;Data delivered under Admera ID 17137D-12-81_S142;DTU;2020;1007230;1;MG;RL_CPH_Sewage_662;1066;1066;;Rensningsanlaeg Lynetten, CPH sewage, Copenhagen sewage, Copenhagen, sewage;saot;2020.05.05;DNK Denmark;527639 (sewage metagenome);sewage;Yes with 2 years delay;QIAamp Fast DNA Stool Mini Kit;Yes;"ILLUMINA	Illumina NovaSeq 6000";Admera Health;55,69557497;12,61393094;Technical University of Denmark, National Food Institute;;Copenhagen;RL;38,1;Novaseq_002
DTU_2020_1007230_2_MG_RL_CPH_Sewage_662;Data delivered under Admera ID 17137D-12-81_S421;DTU;2020;1007230;2;MG;RL_CPH_Sewage_662;1066;1066;;Rensningsanlaeg Lynetten, CPH sewage, Copenhagen sewage, Copenhagen, sewage;saot;2020.05.05;DNK Denmark;527639 (sewage metagenome);sewage;Yes with 2 years delay;QIAamp Fast DNA Stool Mini Kit;Yes;"ILLUMINA	Illumina NovaSeq 6000";Admera Health;55,69557497;12,61393094;Technical University of Denmark, National Food Institute;;Copenhagen;RL;38,1;Novaseq_002
DTU_2020_1007230_3_MG_RL_CPH_Sewage_662;Data delivered under Admera ID 17137D-12-81_S70;DTU;2020;1007230;3;MG;RL_CPH_Sewage_662;1066;1066;;Rensningsanlaeg Lynetten, CPH sewage, Copenhagen sewage, Copenhagen, sewage;saot;2020.05.05;DNK Denmark;527639 (sewage metagenome);sewage;Yes with 2 years delay;QIAamp Fast DNA Stool Mini Kit;Yes;"ILLUMINA	Illumina NovaSeq 6000";Admera Health;55,69557497;12,61393094;Technical University of Denmark, National Food Institute;;Copenhagen;RL;38,1;Novaseq_002
DTU_2020_1007231_1_MG_RA_CPH_Sewage_663;Data delivered under Admera ID 17137D-12-82_S58;DTU;2020;1007231;1;MG;RA_CPH_Sewage_663;1066;1066;;Rensningsanlaeg Avedoere, CPH sewage, Copenhagen sewage, Copenhagen, sewage;saot;2020.05.05;DNK Denmark;527639 (sewage metagenome);sewage;Yes with 2 years delay;QIAamp Fast DNA Stool Mini Kit;Yes;"ILLUMINA	Illumina NovaSeq 6000";Admera Health;55,6084966;12,45053294;Technical University of Denmark, National Food Institute;;Copenhagen;RA;16,6;Novaseq_002
DTU_2020_1007232_1_MG_RD_CPH_Sewage_664;Data delivered under Admera ID 17137D-12-83_S126;DTU;2020;1007232;1;MG;RD_CPH_Sewage_664;1066;1066;;Rensningsanlaeg Damhusaaen, CPH sewage, Copenhagen sewage, Copenhagen, sewage;saot;2020.05.05;DNK Denmark;527639 (sewage metagenome);sewage;Yes with 2 years delay;QIAamp Fast DNA Stool Mini Kit;Yes;"ILLUMINA	Illumina NovaSeq 6000";Admera Health;55,64050138;12,50581599;Technical University of Denmark, National Food Institute;;Copenhagen;RD;30,6;Novaseq_002
DTU_2020_1007232_2_MG_RD_CPH_Sewage_664;Data delivered under Admera ID 17137D-12-83_S62;DTU;2020;1007232;2;MG;RD_CPH_Sewage_664;1066;1066;;Rensningsanlaeg Damhusaaen, CPH sewage, Copenhagen sewage, Copenhagen, sewage;saot;2020.05.05;DNK Denmark;527639 (sewage metagenome);sewage;Yes with 2 years delay;QIAamp Fast DNA Stool Mini Kit;Yes;"ILLUMINA	Illumina NovaSeq 6000";Admera Health;55,64050138;12,50581599;Technical University of Denmark, National Food Institute;;Copenhagen;RD;30,6;Novaseq_002
DTU_2020_1007233_1_MG_RL_CPH_Sewage_671;Data delivered under Admera ID 17137D-12-84_S49;DTU;2020;1007233;1;MG;RL_CPH_Sewage_671;1066;1066;;Rensningsanlaeg Lynetten, CPH sewage, Copenhagen sewage, Copenhagen, sewage;saot;2020.05.14;DNK Denmark;527639 (sewage metagenome);sewage;Yes with 2 years delay;QIAamp Fast DNA Stool Mini Kit;Yes;"ILLUMINA	Illumina NovaSeq 6000";Admera Health;55,69557497;12,61393094;Technical University of Denmark, National Food Institute;;Copenhagen;RL;4,8;Novaseq_002
DTU_2020_1007234_1_MG_RA_CPH_Sewage_672;Data delivered under Admera ID 17137D-12-85_S50;DTU;2020;1007234;1;MG;RA_CPH_Sewage_672;1066;1066;;Rensningsanlaeg Avedoere, CPH sewage, Copenhagen sewage, Copenhagen, sewage;saot;2020.05.14;DNK Denmark;527639 (sewage metagenome);sewage;Yes with 2 years delay;QIAamp Fast DNA Stool Mini Kit;Yes;"ILLUMINA	Illumina NovaSeq 6000";Admera Health;55,6084966;12,45053294;Technical University of Denmark, National Food Institute;;Copenhagen;RA;4,48;Novaseq_002
DTU_2020_1007235_1_MG_RD_CPH_Sewage_673;Data delivered under Admera ID 17137D-12-86_S51;DTU;2020;1007235;1;MG;RD_CPH_Sewage_673;1066;1066;;Rensningsanlaeg Damhusaaen, CPH sewage, Copenhagen sewage, Copenhagen, sewage;saot;2020.05.14;DNK Denmark;527639 (sewage metagenome);sewage;Yes with 2 years delay;QIAamp Fast DNA Stool Mini Kit;Yes;"ILLUMINA	Illumina NovaSeq 6000";Admera Health;55,64050138;12,50581599;Technical University of Denmark, National Food Institute;;Copenhagen;RD;4,53;Novaseq_002
DTU_2020_1007236_1_MG_RL_CPH_Sewage_683;Data delivered under Admera ID 17137D-12-87_S127;DTU;2020;1007236;1;MG;RL_CPH_Sewage_683;1066;1066;;Rensningsanlaeg Lynetten, CPH sewage, Copenhagen sewage, Copenhagen, sewage;saot;2020.05.28;DNK Denmark;527639 (sewage metagenome);sewage;Yes with 2 years delay;QIAamp Fast DNA Stool Mini Kit;Yes;"ILLUMINA	Illumina NovaSeq 6000";Admera Health;55,69557497;12,61393094;Technical University of Denmark, National Food Institute;;Copenhagen;RL;36,7;Novaseq_002
DTU_2020_1007236_2_MG_RL_CPH_Sewage_683;Data delivered under Admera ID 17137D-12-87_S66;DTU;2020;1007236;2;MG;RL_CPH_Sewage_683;1066;1066;;Rensningsanlaeg Lynetten, CPH sewage, Copenhagen sewage, Copenhagen, sewage;saot;2020.05.28;DNK Denmark;527639 (sewage metagenome);sewage;Yes with 2 years delay;QIAamp Fast DNA Stool Mini Kit;Yes;"ILLUMINA	Illumina NovaSeq 6000";Admera Health;55,69557497;12,61393094;Technical University of Denmark, National Food Institute;;Copenhagen;RL;36,7;Novaseq_002
DTU_2020_1007237_1_MG_RA_CPH_Sewage_684;Data delivered under Admera ID 17137D-12-88_S128;DTU;2020;1007237;1;MG;RA_CPH_Sewage_684;1066;1066;;Rensningsanlaeg Avedoere, CPH sewage, Copenhagen sewage, Copenhagen, sewage;saot;2020.05.28;DNK Denmark;527639 (sewage metagenome);sewage;Yes with 2 years delay;QIAamp Fast DNA Stool Mini Kit;Yes;"ILLUMINA	Illumina NovaSeq 6000";Admera Health;55,6084966;12,45053294;Technical University of Denmark, National Food Institute;;Copenhagen;RA;32,1;Novaseq_002
DTU_2020_1007237_2_MG_RA_CPH_Sewage_684;Data delivered under Admera ID 17137D-12-88_S68;DTU;2020;1007237;2;MG;RA_CPH_Sewage_684;1066;1066;;Rensningsanlaeg Avedoere, CPH sewage, Copenhagen sewage, Copenhagen, sewage;saot;2020.05.28;DNK Denmark;527639 (sewage metagenome);sewage;Yes with 2 years delay;QIAamp Fast DNA Stool Mini Kit;Yes;"ILLUMINA	Illumina NovaSeq 6000";Admera Health;55,6084966;12,45053294;Technical University of Denmark, National Food Institute;;Copenhagen;RA;32,1;Novaseq_002
DTU_2020_1007238_1_MG_RD_CPH_Sewage_685;Data delivered under Admera ID 17137D-12-89_S129;DTU;2020;1007238;1;MG;RD_CPH_Sewage_685;1066;1066;;Rensningsanlaeg Damhusaaen, CPH sewage, Copenhagen sewage, Copenhagen, sewage;saot;2020.05.28;DNK Denmark;527639 (sewage metagenome);sewage;Yes with 2 years delay;QIAamp Fast DNA Stool Mini Kit;Yes;"ILLUMINA	Illumina NovaSeq 6000";Admera Health;55,64050138;12,50581599;Technical University of Denmark, National Food Institute;;Copenhagen;RD;21,1;Novaseq_002
DTU_2020_1007238_2_MG_RD_CPH_Sewage_685;Data delivered under Admera ID 17137D-12-89_S52;DTU;2020;1007238;2;MG;RD_CPH_Sewage_685;1066;1066;;Rensningsanlaeg Damhusaaen, CPH sewage, Copenhagen sewage, Copenhagen, sewage;saot;2020.05.28;DNK Denmark;527639 (sewage metagenome);sewage;Yes with 2 years delay;QIAamp Fast DNA Stool Mini Kit;Yes;"ILLUMINA	Illumina NovaSeq 6000";Admera Health;55,64050138;12,50581599;Technical University of Denmark, National Food Institute;;Copenhagen;RD;21,1;Novaseq_002
DTU_2020_1007239_1_MG_RL_CPH_Sewage_689;Data delivered under Admera ID 17137D-12-90_S53;DTU;2020;1007239;1;MG;RL_CPH_Sewage_689;1066;1066;;Rensningsanlaeg Lynetten, CPH sewage, Copenhagen sewage, Copenhagen, sewage;saot;2020.06.04;DNK Denmark;527639 (sewage metagenome);sewage;Yes with 2 years delay;QIAamp Fast DNA Stool Mini Kit;Yes;"ILLUMINA	Illumina NovaSeq 6000";Admera Health;55,69557497;12,61393094;Technical University of Denmark, National Food Institute;;Copenhagen;RL;31,4;Novaseq_002
DTU_2020_1007240_1_MG_RA_CPH_Sewage_690;Data delivered under Admera ID 17137D-12-91_S82;DTU;2020;1007240;1;MG;RA_CPH_Sewage_690;1066;1066;;Rensningsanlaeg Avedoere, CPH sewage, Copenhagen sewage, Copenhagen, sewage;saot;2020.06.04;DNK Denmark;527639 (sewage metagenome);sewage;Yes with 2 years delay;QIAamp Fast DNA Stool Mini Kit;Yes;"ILLUMINA	Illumina NovaSeq 6000";Admera Health;55,6084966;12,45053294;Technical University of Denmark, National Food Institute;;Copenhagen;RA;43,5;Novaseq_002
DTU_2020_1007241_1_MG_RD_CPH_Sewage_691;Data delivered under Admera ID 17137D-12-92_S143;DTU;2020;1007241;1;MG;RD_CPH_Sewage_691;1066;1066;;Rensningsanlaeg Damhusaaen, CPH sewage, Copenhagen sewage, Copenhagen, sewage;saot;2020.06.04;DNK Denmark;527639 (sewage metagenome);sewage;Yes with 2 years delay;QIAamp Fast DNA Stool Mini Kit;Yes;"ILLUMINA	Illumina NovaSeq 6000";Admera Health;55,64050138;12,50581599;Technical University of Denmark, National Food Institute;;Copenhagen;RD;36,4;Novaseq_002
DTU_2020_1007241_2_MG_RD_CPH_Sewage_691;Data delivered under Admera ID 17137D-12-92_S67;DTU;2020;1007241;2;MG;RD_CPH_Sewage_691;1066;1066;;Rensningsanlaeg Damhusaaen, CPH sewage, Copenhagen sewage, Copenhagen, sewage;saot;2020.06.04;DNK Denmark;527639 (sewage metagenome);sewage;Yes with 2 years delay;QIAamp Fast DNA Stool Mini Kit;Yes;"ILLUMINA	Illumina NovaSeq 6000";Admera Health;55,64050138;12,50581599;Technical University of Denmark, National Food Institute;;Copenhagen;RD;36,4;Novaseq_002
DTU_2020_1007242_1_MG_RL_CPH_Sewage_695;Data delivered under Admera ID 17137D-12-93_S144;DTU;2020;1007242;1;MG;RL_CPH_Sewage_695;1066;1066;;Rensningsanlaeg Lynetten, CPH sewage, Copenhagen sewage, Copenhagen, sewage;saot;2020.06.10;DNK Denmark;527639 (sewage metagenome);sewage;Yes with 2 years delay;QIAamp Fast DNA Stool Mini Kit;Yes;"ILLUMINA	Illumina NovaSeq 6000";Admera Health;55,69557497;12,61393094;Technical University of Denmark, National Food Institute;;Copenhagen;RL;43,8;Novaseq_002
DTU_2020_1007242_2_MG_RL_CPH_Sewage_695;Data delivered under Admera ID 17137D-12-93_S61;DTU;2020;1007242;2;MG;RL_CPH_Sewage_695;1066;1066;;Rensningsanlaeg Lynetten, CPH sewage, Copenhagen sewage, Copenhagen, sewage;saot;2020.06.10;DNK Denmark;527639 (sewage metagenome);sewage;Yes with 2 years delay;QIAamp Fast DNA Stool Mini Kit;Yes;"ILLUMINA	Illumina NovaSeq 6000";Admera Health;55,69557497;12,61393094;Technical University of Denmark, National Food Institute;;Copenhagen;RL;43,8;Novaseq_002
DTU_2020_1007243_1_MG_RA_CPH_Sewage_696;Data delivered under Admera ID 17137D-12-94_S83;DTU;2020;1007243;1;MG;RA_CPH_Sewage_696;1066;1066;;Rensningsanlaeg Avedoere, CPH sewage, Copenhagen sewage, Copenhagen, sewage;saot;2020.06.10;DNK Denmark;527639 (sewage metagenome);sewage;Yes with 2 years delay;QIAamp Fast DNA Stool Mini Kit;Yes;"ILLUMINA	Illumina NovaSeq 6000";Admera Health;55,6084966;12,45053294;Technical University of Denmark, National Food Institute;;Copenhagen;RA;43,2;Novaseq_002
DTU_2020_1007244_1_MG_RD_CPH_Sewage_697;Data delivered under Admera ID 17137D-12-95_S54;DTU;2020;1007244;1;MG;RD_CPH_Sewage_697;1066;1066;;Rensningsanlaeg Damhusaaen, CPH sewage, Copenhagen sewage, Copenhagen, sewage;saot;2020.06.10;DNK Denmark;527639 (sewage metagenome);sewage;Yes with 2 years delay;QIAamp Fast DNA Stool Mini Kit;Yes;"ILLUMINA	Illumina NovaSeq 6000";Admera Health;55,64050138;12,50581599;Technical University of Denmark, National Food Institute;;Copenhagen;RD;26,9;Novaseq_002
DTU_2020_1007245_1_MG_RL_CPH_Sewage_701;Data delivered under Admera ID 17137D-12-96_S84;DTU;2020;1007245;1;MG;RL_CPH_Sewage_701;1066;1066;;Rensningsanlaeg Lynetten, CPH sewage, Copenhagen sewage, Copenhagen, sewage;saot;2020.06.17;DNK Denmark;527639 (sewage metagenome);sewage;Yes with 2 years delay;QIAamp Fast DNA Stool Mini Kit;Yes;"ILLUMINA	Illumina NovaSeq 6000";Admera Health;55,69557497;12,61393094;Technical University of Denmark, National Food Institute;;Copenhagen;RL;41;Novaseq_002
DTU_2020_1007246_1_MG_RD_CPH_Sewage_703;Data delivered under Admera ID 17137D-12-97_S134;DTU;2020;1007246;1;MG;RD_CPH_Sewage_703;1066;1066;;Rensningsanlaeg Damhusaaen, CPH sewage, Copenhagen sewage, Copenhagen, sewage;saot;2020.06.17;DNK Denmark;527639 (sewage metagenome);sewage;Yes with 2 years delay;QIAamp Fast DNA Stool Mini Kit;Yes;"ILLUMINA	Illumina NovaSeq 6000";Admera Health;55,64050138;12,50581599;Technical University of Denmark, National Food Institute;;Copenhagen;RD;44,5;Novaseq_002
DTU_2020_1007247_1_MG_RL_CPH_Sewage_707;Data delivered under Admera ID 17137D-12-98_S99;DTU;2020;1007247;1;MG;RL_CPH_Sewage_707;1066;1066;;Rensningsanlaeg Lynetten, CPH sewage, Copenhagen sewage, Copenhagen, sewage;saot;2020.06.24;DNK Denmark;527639 (sewage metagenome);sewage;Yes with 2 years delay;QIAamp Fast DNA Stool Mini Kit;Yes;"ILLUMINA	Illumina NovaSeq 6000";Admera Health;55,69557497;12,61393094;Technical University of Denmark, National Food Institute;;Copenhagen;RL;18,9;Novaseq_002
DTU_2020_1007248_1_MG_RD_CPH_Sewage_709;Data delivered under Admera ID 17137D-12-99_S100;DTU;2020;1007248;1;MG;RD_CPH_Sewage_709;1066;1066;;Rensningsanlaeg Damhusaaen, CPH sewage, Copenhagen sewage, Copenhagen, sewage;saot;2020.06.24;DNK Denmark;527639 (sewage metagenome);sewage;Yes with 2 years delay;QIAamp Fast DNA Stool Mini Kit;Yes;"ILLUMINA	Illumina NovaSeq 6000";Admera Health;55,64050138;12,50581599;Technical University of Denmark, National Food Institute;;Copenhagen;RD;10,5;Novaseq_002
DTU_2020_1007249_1_MG_RL_CPH_Sewage_710;Data delivered under Admera ID 17137D-12-100_S135;DTU;2020;1007249;1;MG;RL_CPH_Sewage_710;1066;1066;;Rensningsanlaeg Lynetten, CPH sewage, Copenhagen sewage, Copenhagen, sewage;saot;2020.06.29;DNK Denmark;527639 (sewage metagenome);sewage;Yes with 2 years delay;QIAamp Fast DNA Stool Mini Kit;Yes;"ILLUMINA	Illumina NovaSeq 6000";Admera Health;55,69557497;12,61393094;Technical University of Denmark, National Food Institute;;Copenhagen;RL;54;Novaseq_002
DTU_2020_1007250_1_MG_RA_CPH_Sewage_711;Data delivered under Admera ID 17137D-12-101_S112;DTU;2020;1007250;1;MG;RA_CPH_Sewage_711;1066;1066;;Rensningsanlaeg Avedoere, CPH sewage, Copenhagen sewage, Copenhagen, sewage;saot;2020.06.29;DNK Denmark;527639 (sewage metagenome);sewage;Yes with 2 years delay;QIAamp Fast DNA Stool Mini Kit;Yes;"ILLUMINA	Illumina NovaSeq 6000";Admera Health;55,6084966;12,45053294;Technical University of Denmark, National Food Institute;;Copenhagen;RA;49,2;Novaseq_002
DTU_2020_1007251_1_MG_RD_CPH_Sewage_712;Data delivered under Admera ID 17137D-12-102_S136;DTU;2020;1007251;1;MG;RD_CPH_Sewage_712;1066;1066;;Rensningsanlaeg Damhusaaen, CPH sewage, Copenhagen sewage, Copenhagen, sewage;saot;2020.06.29;DNK Denmark;527639 (sewage metagenome);sewage;Yes with 2 years delay;QIAamp Fast DNA Stool Mini Kit;Yes;"ILLUMINA	Illumina NovaSeq 6000";Admera Health;55,64050138;12,50581599;Technical University of Denmark, National Food Institute;;Copenhagen;RD;48,3;Novaseq_002
DTU_2020_1007252_1_MG_RL_CPH_Sewage_713;Data delivered under Admera ID 17137D-12-103_S113;DTU;2020;1007252;1;MG;RL_CPH_Sewage_713;1066;1066;;Rensningsanlaeg Lynetten, CPH sewage, Copenhagen sewage, Copenhagen, sewage;saot;2020.07.07;DNK Denmark;527639 (sewage metagenome);sewage;Yes with 2 years delay;QIAamp Fast DNA Stool Mini Kit;Yes;"ILLUMINA	Illumina NovaSeq 6000";Admera Health;55,69557497;12,61393094;Technical University of Denmark, National Food Institute;;Copenhagen;RL;60;Novaseq_002
DTU_2020_1007253_1_MG_RA_CPH_Sewage_714;Data delivered under Admera ID 17137D-12-104_S114;DTU;2020;1007253;1;MG;RA_CPH_Sewage_714;1066;1066;;Rensningsanlaeg Avedoere, CPH sewage, Copenhagen sewage, Copenhagen, sewage;saot;2020.07.07;DNK Denmark;527639 (sewage metagenome);sewage;Yes with 2 years delay;QIAamp Fast DNA Stool Mini Kit;Yes;"ILLUMINA	Illumina NovaSeq 6000";Admera Health;55,6084966;12,45053294;Technical University of Denmark, National Food Institute;;Copenhagen;RA;50;Novaseq_002
DTU_2020_1007254_1_MG_RD_CPH_Sewage_715;Data delivered under Admera ID 17137D-12-105_S115;DTU;2020;1007254;1;MG;RD_CPH_Sewage_715;1066;1066;;Rensningsanlaeg Damhusaaen, CPH sewage, Copenhagen sewage, Copenhagen, sewage;saot;2020.07.07;DNK Denmark;527639 (sewage metagenome);sewage;Yes with 2 years delay;QIAamp Fast DNA Stool Mini Kit;Yes;"ILLUMINA	Illumina NovaSeq 6000";Admera Health;55,64050138;12,50581599;Technical University of Denmark, National Food Institute;;Copenhagen;RD;59;Novaseq_002
DTU_2020_1007255_1_MG_RL_CPH_Sewage_716;Data delivered under Admera ID 17137D-12-106_S116;DTU;2020;1007255;1;MG;RL_CPH_Sewage_716;1066;1066;;Rensningsanlaeg Lynetten, CPH sewage, Copenhagen sewage, Copenhagen, sewage;saot;2020.07.14;DNK Denmark;527639 (sewage metagenome);sewage;Yes with 2 years delay;QIAamp Fast DNA Stool Mini Kit;Yes;"ILLUMINA	Illumina NovaSeq 6000";Admera Health;55,69557497;12,61393094;Technical University of Denmark, National Food Institute;;Copenhagen;RL;53;Novaseq_002
DTU_2020_1007256_1_MG_RA_CPH_Sewage_717;Data delivered under Admera ID 17137D-12-107_S117;DTU;2020;1007256;1;MG;RA_CPH_Sewage_717;1066;1066;;Rensningsanlaeg Avedoere, CPH sewage, Copenhagen sewage, Copenhagen, sewage;saot;2020.07.14;DNK Denmark;527639 (sewage metagenome);sewage;Yes with 2 years delay;QIAamp Fast DNA Stool Mini Kit;Yes;"ILLUMINA	Illumina NovaSeq 6000";Admera Health;55,6084966;12,45053294;Technical University of Denmark, National Food Institute;;Copenhagen;RA;30,3;Novaseq_002
DTU_2020_1007257_1_MG_RD_CPH_Sewage_718;Data delivered under Admera ID 17137D-12-108_S101;DTU;2020;1007257;1;MG;RD_CPH_Sewage_718;1066;1066;;Rensningsanlaeg Damhusaaen, CPH sewage, Copenhagen sewage, Copenhagen, sewage;saot;2020.07.14;DNK Denmark;527639 (sewage metagenome);sewage;Yes with 2 years delay;QIAamp Fast DNA Stool Mini Kit;Yes;"ILLUMINA	Illumina NovaSeq 6000";Admera Health;55,64050138;12,50581599;Technical University of Denmark, National Food Institute;;Copenhagen;RD;5,11;Novaseq_002
DTU_2020_1007258_1_MG_RL_CPH_Sewage_719;Data delivered under Admera ID 17137D-12-109_S118;DTU;2020;1007258;1;MG;RL_CPH_Sewage_719;1066;1066;;Rensningsanlaeg Lynetten, CPH sewage, Copenhagen sewage, Copenhagen, sewage;saot;2020.07.23;DNK Denmark;527639 (sewage metagenome);sewage;Yes with 2 years delay;QIAamp Fast DNA Stool Mini Kit;Yes;"ILLUMINA	Illumina NovaSeq 6000";Admera Health;55,69557497;12,61393094;Technical University of Denmark, National Food Institute;;Copenhagen;RL;38,4;Novaseq_002
DTU_2020_1007259_1_MG_RA_CPH_Sewage_720;Data delivered under Admera ID 17137D-12-110_S119;DTU;2020;1007259;1;MG;RA_CPH_Sewage_720;1066;1066;;Rensningsanlaeg Avedoere, CPH sewage, Copenhagen sewage, Copenhagen, sewage;saot;2020.07.23;DNK Denmark;527639 (sewage metagenome);sewage;Yes with 2 years delay;QIAamp Fast DNA Stool Mini Kit;Yes;"ILLUMINA	Illumina NovaSeq 6000";Admera Health;55,6084966;12,45053294;Technical University of Denmark, National Food Institute;;Copenhagen;RA;26,4;Novaseq_002
DTU_2020_1007260_1_MG_RD_CPH_Sewage_721;Data delivered under Admera ID 17137D-12-111_S102;DTU;2020;1007260;1;MG;RD_CPH_Sewage_721;1066;1066;;Rensningsanlaeg Damhusaaen, CPH sewage, Copenhagen sewage, Copenhagen, sewage;saot;2020.07.23;DNK Denmark;527639 (sewage metagenome);sewage;Yes with 2 years delay;QIAamp Fast DNA Stool Mini Kit;Yes;"ILLUMINA	Illumina NovaSeq 6000";Admera Health;55,64050138;12,50581599;Technical University of Denmark, National Food Institute;;Copenhagen;RD;4,07;Novaseq_002
DTU_2020_1007261_1_MG_RL_CPH_Sewage_722;Data delivered under Admera ID 17137D-12-112_S120;DTU;2020;1007261;1;MG;RL_CPH_Sewage_722;1066;1066;;Rensningsanlaeg Lynetten, CPH sewage, Copenhagen sewage, Copenhagen, sewage;saot;2020.07.29;DNK Denmark;527639 (sewage metagenome);sewage;Yes with 2 years delay;QIAamp Fast DNA Stool Mini Kit;Yes;"ILLUMINA	Illumina NovaSeq 6000";Admera Health;55,69557497;12,61393094;Technical University of Denmark, National Food Institute;;Copenhagen;RL;50;Novaseq_002
DTU_2020_1007262_1_MG_RA_CPH_Sewage_723;Data delivered under Admera ID 17137D-12-113_S137;DTU;2020;1007262;1;MG;RA_CPH_Sewage_723;1066;1066;;Rensningsanlaeg Avedoere, CPH sewage, Copenhagen sewage, Copenhagen, sewage;saot;2020.07.29;DNK Denmark;527639 (sewage metagenome);sewage;Yes with 2 years delay;QIAamp Fast DNA Stool Mini Kit;Yes;"ILLUMINA	Illumina NovaSeq 6000";Admera Health;55,6084966;12,45053294;Technical University of Denmark, National Food Institute;;Copenhagen;RA;32,2;Novaseq_002
DTU_2020_1007263_1_MG_RD_CPH_Sewage_724;Data delivered under Admera ID 17137D-12-114_S121;DTU;2020;1007263;1;MG;RD_CPH_Sewage_724;1066;1066;;Rensningsanlaeg Damhusaaen, CPH sewage, Copenhagen sewage, Copenhagen, sewage;saot;2020.07.29;DNK Denmark;527639 (sewage metagenome);sewage;Yes with 2 years delay;QIAamp Fast DNA Stool Mini Kit;Yes;"ILLUMINA	Illumina NovaSeq 6000";Admera Health;55,64050138;12,50581599;Technical University of Denmark, National Food Institute;;Copenhagen;RD;41,2;Novaseq_002
DTU_2020_1007264_1_MG_RL_CPH_Sewage_725;Data delivered under Admera ID 17137D-12-115_S138;DTU;2020;1007264;1;MG;RL_CPH_Sewage_725;1066;1066;;Rensningsanlaeg Lynetten, CPH sewage, Copenhagen sewage, Copenhagen, sewage;saot;2020.08.04;DNK Denmark;527639 (sewage metagenome);sewage;Yes with 2 years delay;QIAamp Fast DNA Stool Mini Kit;Yes;"ILLUMINA	Illumina NovaSeq 6000";Admera Health;55,69557497;12,61393094;Technical University of Denmark, National Food Institute;;Copenhagen;RL;43;Novaseq_002
DTU_2020_1007265_1_MG_RA_CPH_Sewage_726;Data delivered under Admera ID 17137D-12-116_S122;DTU;2020;1007265;1;MG;RA_CPH_Sewage_726;1066;1066;;Rensningsanlaeg Avedoere, CPH sewage, Copenhagen sewage, Copenhagen, sewage;saot;2020.08.04;DNK Denmark;527639 (sewage metagenome);sewage;Yes with 2 years delay;QIAamp Fast DNA Stool Mini Kit;Yes;"ILLUMINA	Illumina NovaSeq 6000";Admera Health;55,6084966;12,45053294;Technical University of Denmark, National Food Institute;;Copenhagen;RA;20,1;Novaseq_002
DTU_2020_1007266_1_MG_RD_CPH_Sewage_727;Data delivered under Admera ID 17137D-12-117_S123;DTU;2020;1007266;1;MG;RD_CPH_Sewage_727;1066;1066;;Rensningsanlaeg Damhusaaen, CPH sewage, Copenhagen sewage, Copenhagen, sewage;saot;2020.08.04;DNK Denmark;527639 (sewage metagenome);sewage;Yes with 2 years delay;QIAamp Fast DNA Stool Mini Kit;Yes;"ILLUMINA	Illumina NovaSeq 6000";Admera Health;55,64050138;12,50581599;Technical University of Denmark, National Food Institute;;Copenhagen;RD;35,3;Novaseq_002
DTU_2020_1007267_1_MG_RL_CPH_Sewage_731;Data delivered under Admera ID 17137D-12-118_S124;DTU;2020;1007267;1;MG;RL_CPH_Sewage_731;1066;1066;;Rensningsanlaeg Lynetten, CPH sewage, Copenhagen sewage, Copenhagen, sewage;saot;2020.08.12;DNK Denmark;527639 (sewage metagenome);sewage;Yes with 2 years delay;QIAamp Fast DNA Stool Mini Kit;Yes;"ILLUMINA	Illumina NovaSeq 6000";Admera Health;55,69557497;12,61393094;Technical University of Denmark, National Food Institute;;Copenhagen;RL;13,3;Novaseq_002
DTU_2020_1007267_2_MG_RL_CPH_Sewage_731;Data delivered under Admera ID 17137D-12-118_S145;DTU;2020;1007267;2;MG;RL_CPH_Sewage_731;1066;1066;;Rensningsanlaeg Lynetten, CPH sewage, Copenhagen sewage, Copenhagen, sewage;saot;2020.08.12;DNK Denmark;527639 (sewage metagenome);sewage;Yes with 2 years delay;QIAamp Fast DNA Stool Mini Kit;Yes;"ILLUMINA	Illumina NovaSeq 6000";Admera Health;55,69557497;12,61393094;Technical University of Denmark, National Food Institute;;Copenhagen;RL;13,3;Novaseq_002
DTU_2020_1007268_1_MG_RA_CPH_Sewage_732;Data delivered under Admera ID 17137D-12-119_S139;DTU;2020;1007268;1;MG;RA_CPH_Sewage_732;1066;1066;;Rensningsanlaeg Avedoere, CPH sewage, Copenhagen sewage, Copenhagen, sewage;saot;2020.08.12;DNK Denmark;527639 (sewage metagenome);sewage;Yes with 2 years delay;QIAamp Fast DNA Stool Mini Kit;Yes;"ILLUMINA	Illumina NovaSeq 6000";Admera Health;55,6084966;12,45053294;Technical University of Denmark, National Food Institute;;Copenhagen;RA;34,4;Novaseq_002
DTU_2020_1007269_1_MG_RD_CPH_Sewage_733;Data delivered under Admera ID 17137D-12-120_S125;DTU;2020;1007269;1;MG;RD_CPH_Sewage_733;1066;1066;;Rensningsanlaeg Damhusaaen, CPH sewage, Copenhagen sewage, Copenhagen, sewage;saot;2020.08.12;DNK Denmark;527639 (sewage metagenome);sewage;Yes with 2 years delay;QIAamp Fast DNA Stool Mini Kit;Yes;"ILLUMINA	Illumina NovaSeq 6000";Admera Health;55,64050138;12,50581599;Technical University of Denmark, National Food Institute;;Copenhagen;RD;33,6;Novaseq_002
DTU_2020_1007270_1_MG_RL_CPH_Sewage_734;Data delivered under Admera ID 17137D-12-121_S126;DTU;2020;1007270;1;MG;RL_CPH_Sewage_734;1066;1066;;Rensningsanlaeg Lynetten, CPH sewage, Copenhagen sewage, Copenhagen, sewage;saot;2020.08.19;DNK Denmark;527639 (sewage metagenome);sewage;Yes with 2 years delay;QIAamp Fast DNA Stool Mini Kit;Yes;"ILLUMINA	Illumina NovaSeq 6000";Admera Health;55,69557497;12,61393094;Technical University of Denmark, National Food Institute;;Copenhagen;RL;27,9;Novaseq_002
DTU_2020_1007270_2_MG_RL_CPH_Sewage_734;Data delivered under Admera ID 17137D-12-121_S98;DTU;2020;1007270;2;MG;RL_CPH_Sewage_734;1066;1066;;Rensningsanlaeg Lynetten, CPH sewage, Copenhagen sewage, Copenhagen, sewage;saot;2020.08.19;DNK Denmark;527639 (sewage metagenome);sewage;Yes with 2 years delay;QIAamp Fast DNA Stool Mini Kit;Yes;"ILLUMINA	Illumina NovaSeq 6000";Admera Health;55,69557497;12,61393094;Technical University of Denmark, National Food Institute;;Copenhagen;RL;27,9;Novaseq_002
DTU_2020_1007271_1_MG_RA_CPH_Sewage_735;Data delivered under Admera ID 17137D-12-122_S103;DTU;2020;1007271;1;MG;RA_CPH_Sewage_735;1066;1066;;Rensningsanlaeg Avedoere, CPH sewage, Copenhagen sewage, Copenhagen, sewage;saot;2020.08.19;DNK Denmark;527639 (sewage metagenome);sewage;Yes with 2 years delay;QIAamp Fast DNA Stool Mini Kit;Yes;"ILLUMINA	Illumina NovaSeq 6000";Admera Health;55,6084966;12,45053294;Technical University of Denmark, National Food Institute;;Copenhagen;RA;10,1;Novaseq_002
DTU_2020_1007271_2_MG_RA_CPH_Sewage_735;Data delivered under Admera ID 17137D-12-122_S99;DTU;2020;1007271;2;MG;RA_CPH_Sewage_735;1066;1066;;Rensningsanlaeg Avedoere, CPH sewage, Copenhagen sewage, Copenhagen, sewage;saot;2020.08.19;DNK Denmark;527639 (sewage metagenome);sewage;Yes with 2 years delay;QIAamp Fast DNA Stool Mini Kit;Yes;"ILLUMINA	Illumina NovaSeq 6000";Admera Health;55,6084966;12,45053294;Technical University of Denmark, National Food Institute;;Copenhagen;RA;10,1;Novaseq_002
DTU_2020_1007272_1_MG_RL_CPH_Sewage_740;Data delivered under Admera ID 17137D-12-123_S127;DTU;2020;1007272;1;MG;RL_CPH_Sewage_740;1066;1066;;Rensningsanlaeg Lynetten, CPH sewage, Copenhagen sewage, Copenhagen, sewage;saot;2020.08.27;DNK Denmark;527639 (sewage metagenome);sewage;Yes with 2 years delay;QIAamp Fast DNA Stool Mini Kit;Yes;"ILLUMINA	Illumina NovaSeq 6000";Admera Health;55,69557497;12,61393094;Technical University of Denmark, National Food Institute;;Copenhagen;RL;47,8;Novaseq_002
DTU_2020_1007272_2_MG_RL_CPH_Sewage_740;Data delivered under Admera ID 17137D-12-123_S146;DTU;2020;1007272;2;MG;RL_CPH_Sewage_740;1066;1066;;Rensningsanlaeg Lynetten, CPH sewage, Copenhagen sewage, Copenhagen, sewage;saot;2020.08.27;DNK Denmark;527639 (sewage metagenome);sewage;Yes with 2 years delay;QIAamp Fast DNA Stool Mini Kit;Yes;"ILLUMINA	Illumina NovaSeq 6000";Admera Health;55,69557497;12,61393094;Technical University of Denmark, National Food Institute;;Copenhagen;RL;47,8;Novaseq_002
DTU_2020_1007273_1_MG_RA_CPH_Sewage_741;Data delivered under Admera ID 17137D-12-124_S100;DTU;2020;1007273;1;MG;RA_CPH_Sewage_741;1066;1066;;Rensningsanlaeg Avedoere, CPH sewage, Copenhagen sewage, Copenhagen, sewage;saot;2020.08.27;DNK Denmark;527639 (sewage metagenome);sewage;Yes with 2 years delay;QIAamp Fast DNA Stool Mini Kit;Yes;"ILLUMINA	Illumina NovaSeq 6000";Admera Health;55,6084966;12,45053294;Technical University of Denmark, National Food Institute;;Copenhagen;RA;35,6;Novaseq_002
DTU_2020_1007273_2_MG_RA_CPH_Sewage_741;Data delivered under Admera ID 17137D-12-124_S128;DTU;2020;1007273;2;MG;RA_CPH_Sewage_741;1066;1066;;Rensningsanlaeg Avedoere, CPH sewage, Copenhagen sewage, Copenhagen, sewage;saot;2020.08.27;DNK Denmark;527639 (sewage metagenome);sewage;Yes with 2 years delay;QIAamp Fast DNA Stool Mini Kit;Yes;"ILLUMINA	Illumina NovaSeq 6000";Admera Health;55,6084966;12,45053294;Technical University of Denmark, National Food Institute;;Copenhagen;RA;35,6;Novaseq_002
DTU_2020_1007274_1_MG_RD_CPH_Sewage_742;Data delivered under Admera ID 17137D-12-125_S104;DTU;2020;1007274;1;MG;RD_CPH_Sewage_742;1066;1066;;Rensningsanlaeg Damhusaaen, CPH sewage, Copenhagen sewage, Copenhagen, sewage;saot;2020.08.27;DNK Denmark;527639 (sewage metagenome);sewage;Yes with 2 years delay;QIAamp Fast DNA Stool Mini Kit;Yes;"ILLUMINA	Illumina NovaSeq 6000";Admera Health;55,64050138;12,50581599;Technical University of Denmark, National Food Institute;;Copenhagen;RD;29,7;Novaseq_002
DTU_2020_1007275_1_MG_RL_CPH_Sewage_1_586;Data delivered under Admera ID 17137D-12-126_S105;DTU;2020;1007275;1;MG;RL_CPH_Sewage_1_586;1066;1066;;Rensningsanlaeg Lynetten, CPH sewage, Copenhagen sewage, Copenhagen, sewage;saot;2019.09.28;DNK Denmark;527639 (sewage metagenome);sewage;Yes with 2 years delay;QIAamp Fast DNA Stool Mini Kit;Yes;"ILLUMINA	Illumina NovaSeq 6000";Admera Health;55,69557497;12,61393094;Technical University of Denmark, National Food Institute;;Copenhagen;RL;54;Novaseq_002
DTU_2020_1007275_2_MG_RL_CPH_Sewage_1_586;Data delivered under Admera ID 17137D-12-126_S150;DTU;2020;1007275;2;MG;RL_CPH_Sewage_1_586;1066;1066;;Rensningsanlaeg Lynetten, CPH sewage, Copenhagen sewage, Copenhagen, sewage;saot;2019.09.28;DNK Denmark;527639 (sewage metagenome);sewage;Yes with 2 years delay;QIAamp Fast DNA Stool Mini Kit;Yes;"ILLUMINA	Illumina NovaSeq 6000";Admera Health;55,69557497;12,61393094;Technical University of Denmark, National Food Institute;;Copenhagen;RL;54;Novaseq_002
DTU_2020_1007276_1_MG_RL_CPH_Sewage_2_586;Data delivered under Admera ID 17137D-12-127_S106;DTU;2020;1007276;1;MG;RL_CPH_Sewage_2_586;1066;1066;;Rensningsanlaeg Lynetten, CPH sewage, Copenhagen sewage, Copenhagen, sewage;saot;2020.09.28;DNK Denmark;527639 (sewage metagenome);sewage;Yes with 2 years delay;QIAamp Fast DNA Stool Mini Kit;Yes;"ILLUMINA	Illumina NovaSeq 6000";Admera Health;55,69557497;12,61393094;Technical University of Denmark, National Food Institute;;Copenhagen;RL;54;Novaseq_002
DTU_2020_1007277_1_MG_RA_CPH_Sewage_1_587;Data delivered under Admera ID 17137D-12-128_S129;DTU;2020;1007277;1;MG;RA_CPH_Sewage_1_587;1066;1066;;Rensningsanlaeg Avedoere, CPH sewage, Copenhagen sewage, Copenhagen, sewage;saot;2019.09.28;DNK Denmark;527639 (sewage metagenome);sewage;Yes with 2 years delay;QIAamp Fast DNA Stool Mini Kit;Yes;"ILLUMINA	Illumina NovaSeq 6000";Admera Health;55,6084966;12,45053294;Technical University of Denmark, National Food Institute;;Copenhagen;RA;55;Novaseq_002
DTU_2020_1007278_1_MG_RA_CPH_Sewage_2_587;Data delivered under Admera ID 17137D-12-129_S130;DTU;2020;1007278;1;MG;RA_CPH_Sewage_2_587;1066;1066;;Rensningsanlaeg Avedoere, CPH sewage, Copenhagen sewage, Copenhagen, sewage;saot;2020.09.28;DNK Denmark;527639 (sewage metagenome);sewage;Yes with 2 years delay;QIAamp Fast DNA Stool Mini Kit;Yes;"ILLUMINA	Illumina NovaSeq 6000";Admera Health;55,6084966;12,45053294;Technical University of Denmark, National Food Institute;;Copenhagen;RA;55;Novaseq_002
DTU_2020_1007279_1_MG_RD_CPH_Sewage_1_588;Data delivered under Admera ID 17137D-12-130_S107;DTU;2020;1007279;1;MG;RD_CPH_Sewage_1_588;1066;1066;;Rensningsanlaeg Damhusaaen, CPH sewage, Copenhagen sewage, Copenhagen, sewage;saot;2019.09.28;DNK Denmark;527639 (sewage metagenome);sewage;Yes with 2 years delay;QIAamp Fast DNA Stool Mini Kit;Yes;"ILLUMINA	Illumina NovaSeq 6000";Admera Health;55,64050138;12,50581599;Technical University of Denmark, National Food Institute;;Copenhagen;RD;46;Novaseq_002
DTU_2020_1007280_1_MG_RD_CPH_Sewage_2_588;Data delivered under Admera ID 17137D-12-131_S108;DTU;2020;1007280;1;MG;RD_CPH_Sewage_2_588;1066;1066;;Rensningsanlaeg Damhusaaen, CPH sewage, Copenhagen sewage, Copenhagen, sewage;saot;2020.09.28;DNK Denmark;527639 (sewage metagenome);sewage;Yes with 2 years delay;QIAamp Fast DNA Stool Mini Kit;Yes;"ILLUMINA	Illumina NovaSeq 6000";Admera Health;55,64050138;12,50581599;Technical University of Denmark, National Food Institute;;Copenhagen;RD;46;Novaseq_002
DTU_2020_1007280_2_MG_RD_CPH_Sewage_2_588;Data delivered under Admera ID 17137D-12-131_S151;DTU;2020;1007280;2;MG;RD_CPH_Sewage_2_588;1066;1066;;Rensningsanlaeg Damhusaaen, CPH sewage, Copenhagen sewage, Copenhagen, sewage;saot;2020.09.28;DNK Denmark;527639 (sewage metagenome);sewage;Yes with 2 years delay;QIAamp Fast DNA Stool Mini Kit;Yes;"ILLUMINA	Illumina NovaSeq 6000";Admera Health;55,64050138;12,50581599;Technical University of Denmark, National Food Institute;;Copenhagen;RD;46;Novaseq_002
DTU_2020_1007281_1_MG_RL_CPH_Sewage_1_677;Data delivered under Admera ID 17137D-12-132_S109;DTU;2020;1007281;1;MG;RL_CPH_Sewage_1_677;1066;1066;;Rensningsanlaeg Lynetten, CPH sewage, Copenhagen sewage, Copenhagen, sewage;saot;2020.05.20;DNK Denmark;527639 (sewage metagenome);sewage;Yes with 2 years delay;QIAamp Fast DNA Stool Mini Kit;Yes;"ILLUMINA	Illumina NovaSeq 6000";Admera Health;55,69557497;12,61393094;Technical University of Denmark, National Food Institute;;Copenhagen;RL;24,1;Novaseq_002
DTU_2020_1007281_2_MG_RL_CPH_Sewage_1_677;Data delivered under Admera ID 17137D-12-132_S147;DTU;2020;1007281;2;MG;RL_CPH_Sewage_1_677;1066;1066;;Rensningsanlaeg Lynetten, CPH sewage, Copenhagen sewage, Copenhagen, sewage;saot;2020.05.20;DNK Denmark;527639 (sewage metagenome);sewage;Yes with 2 years delay;QIAamp Fast DNA Stool Mini Kit;Yes;"ILLUMINA	Illumina NovaSeq 6000";Admera Health;55,69557497;12,61393094;Technical University of Denmark, National Food Institute;;Copenhagen;RL;24,1;Novaseq_002
DTU_2020_1007282_1_MG_RL_CPH_Sewage_2_677;Data delivered under Admera ID 17137D-12-133_S110;DTU;2020;1007282;1;MG;RL_CPH_Sewage_2_677;1066;1066;;Rensningsanlaeg Lynetten, CPH sewage, Copenhagen sewage, Copenhagen, sewage;saot;2020.05.20;DNK Denmark;527639 (sewage metagenome);sewage;Yes with 2 years delay;QIAamp Fast DNA Stool Mini Kit;Yes;"ILLUMINA	Illumina NovaSeq 6000";Admera Health;55,69557497;12,61393094;Technical University of Denmark, National Food Institute;;Copenhagen;RL;23,6;Novaseq_002
DTU_2020_1007283_1_MG_RA_CPH_Sewage_1_678;Data delivered under Admera ID 17137D-12-134_S111;DTU;2020;1007283;1;MG;RA_CPH_Sewage_1_678;1066;1066;;Rensningsanlaeg Avedoere, CPH sewage, Copenhagen sewage, Copenhagen, sewage;saot;2020.05.20;DNK Denmark;527639 (sewage metagenome);sewage;Yes with 2 years delay;QIAamp Fast DNA Stool Mini Kit;Yes;"ILLUMINA	Illumina NovaSeq 6000";Admera Health;55,6084966;12,45053294;Technical University of Denmark, National Food Institute;;Copenhagen;RA;39,5;Novaseq_002
DTU_2020_1007284_1_MG_RA_CPH_Sewage_2_678;Data delivered under Admera ID 17137D-12-135_S131;DTU;2020;1007284;1;MG;RA_CPH_Sewage_2_678;1066;1066;;Rensningsanlaeg Avedoere, CPH sewage, Copenhagen sewage, Copenhagen, sewage;saot;2020.05.20;DNK Denmark;527639 (sewage metagenome);sewage;Yes with 2 years delay;QIAamp Fast DNA Stool Mini Kit;Yes;"ILLUMINA	Illumina NovaSeq 6000";Admera Health;55,6084966;12,45053294;Technical University of Denmark, National Food Institute;;Copenhagen;RA;39,9;Novaseq_002
DTU_2020_1007285_1_MG_RD_CPH_Sewage_1_679;Data delivered under Admera ID 17137D-12-136_S132;DTU;2020;1007285;1;MG;RD_CPH_Sewage_1_679;1066;1066;;Rensningsanlaeg Damhusaaen, CPH sewage, Copenhagen sewage, Copenhagen, sewage;saot;2020.05.20;DNK Denmark;527639 (sewage metagenome);sewage;Yes with 2 years delay;QIAamp Fast DNA Stool Mini Kit;Yes;"ILLUMINA	Illumina NovaSeq 6000";Admera Health;55,64050138;12,50581599;Technical University of Denmark, National Food Institute;;Copenhagen;RD;36,6;Novaseq_002
DTU_2020_1007286_1_MG_RD_CPH_Sewage_2_679;Data delivered under Admera ID 17137D-12-137_S133;DTU;2020;1007286;1;MG;RD_CPH_Sewage_2_679;1066;1066;;Rensningsanlaeg Damhusaaen, CPH sewage, Copenhagen sewage, Copenhagen, sewage;saot;2020.05.20;DNK Denmark;527639 (sewage metagenome);sewage;Yes with 2 years delay;QIAamp Fast DNA Stool Mini Kit;Yes;"ILLUMINA	Illumina NovaSeq 6000";Admera Health;55,64050138;12,50581599;Technical University of Denmark, National Food Institute;;Copenhagen;RD;35,8;Novaseq_002
DTU_2020_1007151_1_MG_RD_CPH_Sewage_495;No library - no data delivered;DTU;2020;1007151;1;MG;RD_CPH_Sewage_495;1066;1066;;Rensningsanlaeg Damhusaaen, CPH sewage, Copenhagen sewage, Copenhagen, sewage;saot;2019.01.30;DNK Denmark;527639 (sewage metagenome);sewage;Yes with 2 years delay;QIAamp Fast DNA Stool Mini Kit;Yes;"ILLUMINA	Illumina NovaSeq 6000";Admera Health;55,64050138;12,50581599;Technical University of Denmark, National Food Institute;;Copenhagen;RD;1,47;Novaseq_002
DTU_2020_1007152_1_MG_RL_CPH_Sewage_496;No library - no data delivered;DTU;2020;1007152;1;MG;RL_CPH_Sewage_496;1066;1066;;Rensningsanlaeg Lynetten, CPH sewage, Copenhagen sewage, Copenhagen, sewage;saot;2019.01.30;DNK Denmark;527639 (sewage metagenome);sewage;Yes with 2 years delay;QIAamp Fast DNA Stool Mini Kit;Yes;"ILLUMINA	Illumina NovaSeq 6000";Admera Health;55,69557497;12,61393094;Technical University of Denmark, National Food Institute;;Copenhagen;RL;3,18;Novaseq_002
DTU_2020_1007155_1_MG_RL_CPH_Sewage_506;No library - no data delivered;DTU;2020;1007155;1;MG;RL_CPH_Sewage_506;1066;1066;;Rensningsanlaeg Lynetten, CPH sewage, Copenhagen sewage, Copenhagen, sewage;saot;2019.02.18;DNK Denmark;527639 (sewage metagenome);sewage;Yes with 2 years delay;QIAamp Fast DNA Stool Mini Kit;Yes;"ILLUMINA	Illumina NovaSeq 6000";Admera Health;55,69557497;12,61393094;Technical University of Denmark, National Food Institute;;Copenhagen;RL;7,29;Novaseq_002
DTU_2020_1007156_1_MG_RA_CPH_Sewage_516;No library - no data delivered;DTU;2020;1007156;1;MG;RA_CPH_Sewage_516;1066;1066;;Rensningsanlaeg Avedoere, CPH sewage, Copenhagen sewage, Copenhagen, sewage;saot;2019.03.27;DNK Denmark;527639 (sewage metagenome);sewage;Yes with 2 years delay;QIAamp Fast DNA Stool Mini Kit;Yes;"ILLUMINA	Illumina NovaSeq 6000";Admera Health;55,6084966;12,45053294;Technical University of Denmark, National Food Institute;;Copenhagen;RA;3,39;Novaseq_002
DTU_2020_1007159_1_MG_RA_CPH_Sewage_528;No library - no data delivered;DTU;2020;1007159;1;MG;RA_CPH_Sewage_528;1066;1066;;Rensningsanlaeg Avedoere, CPH sewage, Copenhagen sewage, Copenhagen, sewage;saot;2019.04.26;DNK Denmark;527639 (sewage metagenome);sewage;Yes with 2 years delay;QIAamp Fast DNA Stool Mini Kit;Yes;"ILLUMINA	Illumina NovaSeq 6000";Admera Health;55,6084966;12,45053294;Technical University of Denmark, National Food Institute;;Copenhagen;RA;1,77;Novaseq_002
DTU_2020_1007161_1_MG_RL_CPH_Sewage_530;No library - no data delivered;DTU;2020;1007161;1;MG;RL_CPH_Sewage_530;1066;1066;;Rensningsanlaeg Lynetten, CPH sewage, Copenhagen sewage, Copenhagen, sewage;saot;2019.04.26;DNK Denmark;527639 (sewage metagenome);sewage;Yes with 2 years delay;QIAamp Fast DNA Stool Mini Kit;Yes;"ILLUMINA	Illumina NovaSeq 6000";Admera Health;55,69557497;12,61393094;Technical University of Denmark, National Food Institute;;Copenhagen;RL;7,64;Novaseq_002
DTU_2020_1007163_1_MG_RD_CPH_Sewage_537;No library - no data delivered;DTU;2020;1007163;1;MG;RD_CPH_Sewage_537;1066;1066;;Rensningsanlaeg Damhusaaen, CPH sewage, Copenhagen sewage, Copenhagen, sewage;saot;2019.05.27;DNK Denmark;527639 (sewage metagenome);sewage;Yes with 2 years delay;QIAamp Fast DNA Stool Mini Kit;Yes;"ILLUMINA	Illumina NovaSeq 6000";Admera Health;55,64050138;12,50581599;Technical University of Denmark, National Food Institute;;Copenhagen;RD;8,4;Novaseq_002
DTU_2020_1007164_1_MG_RL_CPH_Sewage_538;No library - no data delivered;DTU;2020;1007164;1;MG;RL_CPH_Sewage_538;1066;1066;;Rensningsanlaeg Lynetten, CPH sewage, Copenhagen sewage, Copenhagen, sewage;saot;2019.05.27;DNK Denmark;527639 (sewage metagenome);sewage;Yes with 2 years delay;QIAamp Fast DNA Stool Mini Kit;Yes;"ILLUMINA	Illumina NovaSeq 6000";Admera Health;55,69557497;12,61393094;Technical University of Denmark, National Food Institute;;Copenhagen;RL;20,3;Novaseq_002
DTU_2020_1007168_1_MG_RD_CPH_Sewage_561;No library - no data delivered;DTU;2020;1007168;1;MG;RD_CPH_Sewage_561;1066;1066;;Rensningsanlaeg Damhusaaen, CPH sewage, Copenhagen sewage, Copenhagen, sewage;saot;2019.07.27;DNK Denmark;527639 (sewage metagenome);sewage;Yes with 2 years delay;QIAamp Fast DNA Stool Mini Kit;Yes;"ILLUMINA	Illumina NovaSeq 6000";Admera Health;55,64050138;12,50581599;Technical University of Denmark, National Food Institute;;Copenhagen;RD;7;Novaseq_002
DTU_2020_1007169_1_MG_RL_CPH_Sewage_562;No library - no data delivered;DTU;2020;1007169;1;MG;RL_CPH_Sewage_562;1066;1066;;Rensningsanlaeg Lynetten, CPH sewage, Copenhagen sewage, Copenhagen, sewage;saot;2019.07.27;DNK Denmark;527639 (sewage metagenome);sewage;Yes with 2 years delay;QIAamp Fast DNA Stool Mini Kit;Yes;"ILLUMINA	Illumina NovaSeq 6000";Admera Health;55,69557497;12,61393094;Technical University of Denmark, National Food Institute;;Copenhagen;RL;13,8;Novaseq_002
DTU_2020_1007171_1_MG_RA_CPH_Sewage_572;No library - no data delivered;DTU;2020;1007171;1;MG;RA_CPH_Sewage_572;1066;1066;;Rensningsanlaeg Avedoere, CPH sewage, Copenhagen sewage, Copenhagen, sewage;saot;2019.08.29;DNK Denmark;527639 (sewage metagenome);sewage;Yes with 2 years delay;QIAamp Fast DNA Stool Mini Kit;Yes;"ILLUMINA	Illumina NovaSeq 6000";Admera Health;55,6084966;12,45053294;Technical University of Denmark, National Food Institute;;Copenhagen;RA;11,2;Novaseq_002
DTU_2020_1007172_1_MG_RD_CPH_Sewage_573;No library - no data delivered;DTU;2020;1007172;1;MG;RD_CPH_Sewage_573;1066;1066;;Rensningsanlaeg Damhusaaen, CPH sewage, Copenhagen sewage, Copenhagen, sewage;saot;2019.08.29;DNK Denmark;527639 (sewage metagenome);sewage;Yes with 2 years delay;QIAamp Fast DNA Stool Mini Kit;Yes;"ILLUMINA	Illumina NovaSeq 6000";Admera Health;55,64050138;12,50581599;Technical University of Denmark, National Food Institute;;Copenhagen;RD;1,6;Novaseq_002
DTU_2020_1007287_1_NC_NC_CPH_Sewage_AN;negative control - no data;DTU;2020;1007287;1;NC;NC_CPH_Sewage_AN;1066;1066;;CPH sewage, Copenhagen sewage, Copenhagen, sewage;saot;2020.06.12;DNK Denmark;527639 (sewage metagenome);sewage;Yes with 2 years delay;QIAamp Fast DNA Stool Mini Kit;Yes;"ILLUMINA	Illumina NovaSeq 6000";Admera Health;;;Technical University of Denmark, National Food Institute;;;NC;0,5;Novaseq_002
DTU_2020_1007288_1_NC_NC_CPH_Sewage_AQ;negative control - no data;DTU;2020;1007288;1;NC;NC_CPH_Sewage_AQ;1066;1066;;CPH sewage, Copenhagen sewage, Copenhagen, sewage;saot;2020.06.23;DNK Denmark;527639 (sewage metagenome);sewage;Yes with 2 years delay;QIAamp Fast DNA Stool Mini Kit;Yes;"ILLUMINA	Illumina NovaSeq 6000";Admera Health;;;Technical University of Denmark, National Food Institute;;;NC;0,5;Novaseq_002
DTU_2020_1007289_1_NC_NC_CPH_Sewage_AU;negative control - no data;DTU;2020;1007289;1;NC;NC_CPH_Sewage_AU;1066;1066;;CPH sewage, Copenhagen sewage, Copenhagen, sewage;saot;2020.09.03;DNK Denmark;527639 (sewage metagenome);sewage;Yes with 2 years delay;QIAamp Fast DNA Stool Mini Kit;Yes;"ILLUMINA	Illumina NovaSeq 6000";Admera Health;;;Technical University of Denmark, National Food Institute;;;NC;0,5;Novaseq_002
